"timestamp","content","rating","user_id","category"
"2024-09-25 13:14:29","#8th PYIFF# 有朴素的动人之处，但直白讲，是浪费了一个好题材。 拍摄对象是位年逾九旬的华裔舞女，曾在旧金山唐人街风光一时，但影片的焦点却避开了女和华，最终落在老字上，若不是舞女特殊身份所带来的题材光环，几乎就成了老有所为公益片了。 所以三星都给人物本身吧，片子本身有点乏善可陈。开头又是傅满洲又是黄祸论，后面全都消失不见，又成了生命赞歌了。 不过有一幕挺喜欢，就是老太太的丈夫对着镜头，一边感叹生命短暂一边流泪，旁边老太太若无其事地在玩空档接龙。很真实，自我感动的都是旁观者，当事人只是在尽可能惬意地过她的人生。","3","philaro2009","detailed_neutral"
"2024-11-06 18:40:42","电影忠实记录着华人亚裔女性们的历史；而现实中今天是川普当选的日子，令人唏嘘。","4","woweezowee1999","positive"
"2024-11-07 16:59:15","非常珍贵难得的题材，Coby拥有精彩的一生和珍贵的老年爱情。可惜片子很多话题只是点到为止，唐人街的亚女大腿舞，有多少是文化奇观成分？去古巴、去中国，阿姨们想寻找的具体是什么？当年的风情舞和女性主义进步后拉斯维加斯表演，有多少传承和解放？片子讲得太散了，没能形成一个完整的叙述。","3","auntbear","detailed_neutral"
"2024-11-01 20:29:10","西部影谈路演，为平遥补票。能不能别让乱七八糟的大学老师参加映后了啊？请把时间留给观众，没人想听你们过剩的ego。","4","Ammuxetine","positive"
"2024-11-06 21:19:10","看过导演访谈之后更能理解她操作这一选题的方式。导演最初是出于学术兴趣想要挖掘20世纪唐人街演艺界的华人女性，还处于做田野、读文献的阶段，并不知道研究成果会以何种形式呈现，但当她与这群女性相遇后，就立刻决定拍纪录片，即便她从未涉足过这一领域；在制作影片的过程中，导演经历了怀孕生产和癌症治疗，而拍摄对象蓬勃的生命力一直影响着她，因此不难理解影片选择以情感为驱动，落脚于对女性生命的赞颂，而非条分缕析的历史或人类学研究。导演并不打算厘清笼罩在她们身体、舞蹈和图像之上的各种目光，而是通过重复叠加从腿部向上的遥镜，等待这一凝视性的语言逐渐澄明，真切看见舞动的女性身体；同时跟随巡演将她们的身影放置在不同的文化空间中，就像Stephen的拼贴画那样，正是她们的身体跨越陌异的地理空间联结成共同的海外华人社群。","4","64882717","positive"
"2024-09-24 15:39:42","有价值魅力的在于主人公的传奇性，选择的题材和人物本身就是富有传奇色彩的。可惜没有把那时对女性剥削的第二层拍出来。全片最感动我的时刻是丈夫大感时日不多，但影像会留下来。","3","grinch","neutral"
"2024-10-30 22:02:08","生活在一个正常的地方，七八十岁的时候世界还会在你眼前徐徐展开。","5","186258439","positive"
"2024-09-24 17:00:38","（PYIFF）她玩着蜘蛛纸牌，耳旁是感性爱人关于生命的流泪絮语。她每一次都会赢，就像一次次重复强调，却永远不存在的天鹅之舞。","5","203512097","positive"
"2024-10-27 18:56:24","路演不小心买到第一排的票 奶奶们看着我大落泪过来握着我的手 还说我像她孙女 还给奶奶们看了我跳宝乐思的视频嘿嘿","5","120094445","positive"
"2024-10-29 10:29:24","印象最深刻的两个画面，一个是画外问coby为什么不顺应市场跳脱衣舞，她不假思索斩钉截铁的say no。脑子里蹦出了风情不是色情这句话，对艺术、对人生的选择，她有自己的坚持。 另一个是蜘蛛纸牌，我们都像史蒂芬，会因为年龄焦虑，为了未来和过去感伤，但coby就是活在当下，现下的快乐最重要！别去烦恼自己老了，先享受现在的生命，真希望我接下来的一生，也可以活成coby这样酣畅淋漓活着的人！","5","185626256","positive"
"2024-10-29 00:01:42","蛮可惜的，没有把人物的多面性和复杂度拍出来，好像是带着仰望在看这个人物","3","Colman","neutral"
"2024-11-09 23:22:33","一个特殊华裔女性团体的故事，导演用温情掩盖了一个事实，那就是康康舞是男性对于女色消费的产物，不然就不会随着脱衣舞的大行其道而迅速没落。片子并未呈现生活在美国的这些华裔老太太一生遭遇的苦难，好像她们从事这行从没遇到过欺负似的，以及，余金巧的父亲带着她的兄弟姐妹回国后究竟遭遇了什么，导演也很聪明地语焉不详了。影片似乎在通过余金巧的一生证明，女性可以掌握自己身体的所有权，进而掌控自己的人生开心到老。可是真的是这样吗？","4","leafraincao","positive"
"2024-09-24 17:15:06","亚裔女性/种族/性别/移民/风情行业 Coby金巧的房间和衣服琳琅满目，华丽的不像真实的人，真就是画报里出来的，然后了解到她是个心灵手巧的女性，这些都是她用缝纫机做出来的，然后又了解到她收购紫禁城俱乐部，创建舞团，甚至生命最后一个星期还在跳舞，她聪明又果敢； 但是她很幸运，她是大老板亲戚家的孩子，她是舞女中有权有势的，她其实是被保护的，这个电影照射出了梦幻美好的那部分； steve和coby的爱情故事挺动人的，中间那段Coby打蜘蛛牌，然后Steve在很深沉的说一些话，他说担心对方离开，那时有一滴泪水从面颊滑落，但是Coby赢了，他又开心的笑了； 杨圆圆去做了这样的一个记录，挺棒的.","5","190915515","positive"
"2024-09-26 12:52:56","本来看完总觉得少了点什么，听了映后才知道，原来导演本来计划带coby回广东的，遗憾构成了纪录片未能说明的部分","4","146714019","positive"
"2024-10-29 12:07:45","选题大于能力，个人感动大于镜头所展示的内容，拍的很琐碎，想表达的东西太多反而不知道要表达什么。Coby很可爱很鲜活。","3","225968647","neutral"
"2024-09-28 01:25:24","240925平遥，没有什么导演自我表达，但好在这个题材不需要这种画蛇添足，所以整体很舒服。看的过程中有在审视这群人，看完之后觉得我配吗？","5","258016883","positive"
"2024-11-06 22:07:49","整个电影充斥着一种复古disco的影像质感，突然发现其实和《里斯本丸》在讲述同一种故事，一种在异乡找到和自己产生遥远羁绊的人们的故事。青春是化冻的沼泽。","4","188222271","positive"
"2024-09-24 15:30:23","一种华裔的生命力，老去，凋零，却仍要舞蹈！梦幻的谪仙记，和白先勇的tea for two一样的fairy land。","5","191435794","positive"
"2024-11-08 09:59:49","导演没有理清她素材中间的关联，导致总会觉得东一块，西一块的。但女人们有自己喜欢的事业，能过好自己的一生，还是令人十分感动的","4","185456652","positive"
"2024-09-25 22:14:54","特别好，风月往事里的女性主义，很难得。","5","63306444","positive"
"2024-09-30 17:50:11","【2023海浪电影周WIP放映】题材难得的纪录片。记录了一群在20世纪50-60年代在美国唐人街夜总会表演风情舞的美国华人女性的故事。她们表演的风情舞具有情色意味。但她们并不以此为羞耻，反而在服装上融入了中国文化元素。如今她们都已到耄耋之年还在华裔舞团里跳舞，继续自信地展示自己不再年轻的身体和舞姿。最令人动容的拍摄对象是92岁高龄的奶奶Coby Yee。仍然是那么有活力，跳起舞蹈还是那么开心。心灵手巧地缝纫各种特色的服装。还有一位善良的伴侣陪伴，做着那些可爱的拼贴。她在生命的最后一周还在跳舞。在2019年还来到上海进行了现场表演，来到北京参观了故宫，实现了紫禁城夜总会的舞女终于第一次来到紫禁城的奇妙联动。令人动容。即使没有更深入地探讨美国华人境遇，仅是记录这些女性便是有意义的。三星半","4","longzheking","positive"
"2024-11-06 20:30:43","喜欢戴老师说的，她爱她每一个阶段的年龄。影片也在纪录失去，纪录生命会老去，但生命力却能十足。20241106，北大讲堂放映，貌似也是来京十年第一次进北大了。","4","52944642","positive"
"2024-11-02 20:27:05","@曹杨影院 导演差不多是用迷妹视角拍摄的。当然，Coby的舞台之魅确实很动人，但华人意味着什么，舞女又意味着什么，有太多细微之处被轻易放过了，这让结尾致敬女性先锋显得尴尬突兀。到场的几位奶奶里有一个改开后才到美国的，会说中文，今天激动喊出我爱上海，又迟疑片刻，喊我爱中国，那片刻的迟疑里有多少华人的欲说还休呢，片子里却几乎没有深究，很遗憾。","3","149372267","detailed_neutral"
"2024-09-24 15:37:47","对移民故事无感，对美国人故事更无感，对导演的自恋只感觉无语。说白了，我们老中谁没事关心你们高华还是 n 代高华啊，古巴的故事是另一种叙事，但美国毕竟不一样。问题到这里呼之欲出了，90 岁高龄迸发出的生命力令人动容，但这部电影想去表达的不是这种生命力罢了。","2","165265004","negative"
"2024-10-28 18:06:16","（3.5）是好的人物故事，喜歡奶奶們紮實且動人的生命狀態，大家唸廣東話的語調分岔出不同音準居然有點想哭，可以挖到很多動人有趣的小彩蛋。 唯一的保留態度是，選材是一個精準的切口，踩在海外-離散華人-女性-認同的交叉點上，結尾致敬Esther Eng以及「女性先鋒」，這種精准裁切背後的精英氣質還是會讓我感覺到隔膜。或者說 從人物生命到價值論述之間有一塊踩空的留白，也許是有關不可抗力所致","3","Shenayvv","detailed_neutral"
"2024-11-06 15:36:54","不难看有很喜欢的片段，纸牌you win那里，但怀疑是为了吃女性主义流量才现起的这个中文名，本名《Chinatown Cha-Cha》就是全部了。华人老女人这个词中表现得更多的是华和老，老的部分很好，为取悦自己跳舞到去世前永远有绽放的生命力。华的部分可惜没有深入历史而且很白，把华人文化当奇观。女我是没懂她们当初选择跳舞不就是为了赚钱吗？风俗舞蹈男凝就是男凝她们这辈子都不会说是女性意识觉醒所以脱衣的时候more and more，映后已经在有女孩说或许其他角度审视疯马秀也不是性化女性的东西了卧槽","3","121295008","detailed_neutral"
"2024-11-05 20:24:07","印象最深刻的是余女士说希望年纪大的人也能跳起舞来，出了影院楼下广场上到处都有人在跳舞，对很先锋的女士们的记录。","4","156751003","positive"
"2024-09-24 15:19:40","来自沪/粤的族群认同与爵士时代的时尚风格结合构成了一种独特的，文化杂合的离岸华人女性认同方式，而不是简单的以东方主义一概而论。同构于影片半民族志、半私密影像的档案电影特质，与此同时，时间的幽灵又体现在她们苍老的身体之上，作为历史的晶体，隐藏着很多的潜在性叙事。尽管导演仍然存在部分狡猾的汉地式的思维，但是《女人世界》展现了一种有别于传统汉地或是东愁的，再或者是海外白左华裔历史创伤式的犹太思维规训的美学，或表述形式，特别是对于年龄和生死，令影片的基调多了些轻盈，少了几分沉重。这也是影片的隐微书写，在One or many Chinas的问题面前偏向于后者。","4","Whowaitsforme","positive"
"2024-09-24 15:26:25","@PYIFF 2024 夜店舞女作为文化符号联结历史与当下，历史的篇幅疑似缺乏到仅剩家族史的断代，而那些影像的切片只是这个符号浅显的同面。作为民族志与家庭影像都远远不够，当然纪录是有价值的，只是当下的全部生活被呈现为舞蹈而没有其他，以及舞台与舞台之后身体的展示不够有效。后半段转为旅游vlog，文化差异下的重复却没能拍出更多，看睡着了。2.4","2","Omnivore_03343","negative"
"2024-11-05 17:35:16","人生富丽秀。[片尾看到山一WIP的标志，突然意识到它已经离开这里四年了，却好像又一直用顽强的生命力存活着；分外感动]","4","stevecarell","positive"
"2024-11-05 17:22:00","让我看到了另一种生活，这挺好的，老奶奶们很有生命力。 但是，哪里体现先锋性了？片尾的致敬我是一头雾水，风情舞难道不是男凝？露大腿难道不是因为老板给得实在太多吗？还扯上艺术了？和脱衣舞的区别不就是露不露点吗？搔首弄姿one more,one more，是女性觉醒的体现？ 女性主义者应该抵制，居然还拍掌！ 老奶奶们挺好，导演太矫揉造作。 片名Chinatown ChaCha，翻译成唐人街舞女，哪怕紫禁城舞女，都还算扣题了 。女人世界除了致敬 和片子简直驴唇不对马嘴。","2","84093650","negative"
"2024-09-24 15:15:39","#PYIFF 8-灾难性的拍摄。吸引人的缺失历史、感兴趣的故事，却选择了非常糟糕的主线，各种穿插的东西使之更像大乱炖，实在没有去细细品味的欲望","2","Spike-314159265","negative"
"2024-09-24 15:28:39","平遥影展第一场，小城之春厅。非常惊艳，远超预期。映前看电影名字以为是讲诉女性的，但却是讲诉所有人，所有海外华人的故事。生老病死，凡人谁能避免？《茉莉花》《月亮代表我的心》，即便不了解历史不了解海外华人世界的人听到熟悉的旋律都会心潮澎湃不已。感谢导演。要赶下一场电影，以后写长评吧。","5","213326158","positive"
"2024-10-29 20:57:10","我终于明白为什么留学的时候被白男骚扰了去你妈的America疯马秀","2","199173457","negative"
"2024-10-29 22:36:39","好久没有看过一部电影真正等片尾字幕全部结束才亮灯的了","5","150167987","positive"
"2024-11-05 23:02:36","从最私人的地方开始，从那些爱人为爱人制作的拼贴海报开始，逐渐走向了更加广阔和深邃的地方，难能可贵的是那种私人始终没有被遮蔽。当几位女性在古巴的龙岗亲友会用彼此都没那么熟练的粤语唱起《茉莉花》的时候，个人的历史变成了毛细血管一般的形态流进了那个庞大的叙事之中，这一幕让我爱上了这部片子。那个带着昏黄滤镜的旧世界可以被写进更复杂的国族历史，但个人的小叙事永远能溢出，就像在那个小小的五彩斑斓的房间，爱人谈论着死亡和遗忘，柯比玩儿着纸牌接龙，她永远会赢。","5","HIDETOKAZU","positive"
"2024-09-24 12:41:33","一段被忽视的历史，视角还是很不错的。只可惜，也只是做到了第一层，也就是记录。","3","qijiuzhiyue","neutral"
"2024-09-24 13:09:59","紫禁城是皇宫也是俱乐部，太平洋是汪洋也连接故乡。获得单人纸牌的嘉奖，也获得唐人街的欢呼。有女人用一双手养活两个女儿，有父亲一生希望能把家人接回故乡。衰老并不意味着失去一切，在台上永远可以露出大腿跳出风情。她甚至发不出圆圆的发音，但粤戏里的唱词，茉莉花的曲调，都烙在骨子里不会散去。","3","xilouchen","detailed_neutral"
"2024-09-26 01:56:22","作为平遥WIP出品已然足够出彩，与去年同为纪录片的《幽灵肖像》方法论相似，南北美洲的地域补充也互为一体两面，都是媒介考古学的创作逻辑，叙事视角的不同也带来了截然不同的体验，但回忆自述的文体显然更适配这种创作，闯入式的纪录片方式仍略显生硬，更像是正统的传记片拍法。开头的节奏感极佳，以至于酷似圣丹斯那种独立纪录电影质感，聚焦昔日先锋移民舞者，唐人街不仅有着波兰斯基镜头下的冷峻，更有着移民文化下交融的温情，古巴段落最佳，在结构上的作用尤为重要，浑然天成的舞步与闲适的海滨场景相得益彰，恰时过渡到乡愁部分，剪辑节奏相当明快，但乡愁部分相比大洋彼岸的单元之下明显限制情绪表达，从纪录片层面来讲，总归是一部完成度尚可的创作。","4","Sanders03djy","positive"
"2024-10-27 16:48:38","纪念一下今年看到的最好的纪录片和女性题材的影片《女人世界》，主题是记录旧金山唐人街黄金时期舞者们的公路巡演故事，将于11月5日公映，推荐大家如果有机会不仅自己去看，还可以带着自己年长的女性长辈一起去看。同样是展现年长女性的生命能量，这部相对来说没有《出走的决心》那样让人trigger的细节（所以不用担心看完后会掀开伤疤），但七至九旬舞者们热爱生活、学习和创作的精神让人无限动容和被激励。 我看的这场是路演首站，导演杨圆圆分享了很多创作中的体验，其中最令我欣赏的是面对关于影片中没有过多着对舞者的凝视和亚裔面对的歧视的提问，她强调自己的记录视角更倾向于体现了这些舞者本真的情绪和情感，而非使用现代发展出的性别和种族观念去审视在当时真实生活的人，这是一种很落地的温柔。 如果有机会请支持路演！","5","195132743","positive"
"2024-09-26 01:56:22","作为平遥WIP出品已然足够出彩，与去年同为纪录片的《幽灵肖像》方法论相似，南北美洲的地域补充也互为一体两面，都是媒介考古学的创作逻辑，叙事视角的不同也带来了截然不同的体验，但回忆自述的文体显然更适配这种创作，闯入式的纪录片方式仍略显生硬，更像是正统的传记片拍法。开头的节奏感极佳，以至于酷似圣丹斯那种独立纪录电影质感，聚焦昔日先锋移民舞者，唐人街不仅有着波兰斯基镜头下的冷峻，更有着移民文化下交融的温情，古巴段落最佳，在结构上的作用尤为重要，浑然天成的舞步与闲适的海滨场景相得益彰，恰时过渡到乡愁部分，剪辑节奏相当明快，但乡愁部分相比大洋彼岸的单元之下明显限制情绪表达，从纪录片层面来讲，总归是一部完成度尚可的创作。","4","Sanders03djy","positive"
"2024-11-08 20:53:03","不知道为什么，从片子没开始多久我就忍不住哭了，而这哭一直延续到了影片结束。到底为什么哭呢？为这些一直生机勃勃做自己的女性而感动，同时也在问自己，现在的你，活着还有自我的追求吗？你的生活是真的安逸幸福还是得过且过？92岁的余金巧一直到生命的最后一刻还在起舞，而你的生命是否在虚度？为这些女性鼓掌，同时也感谢同为女性的导演，让她们被看见，同时鼓舞着这片土地上的每一位女性。","5","zishuiyilan","positive"
"2024-09-26 08:48:55","是属于她们的热烈、热情和热忱的人生，也是海外华人群体的一个标本，记录下了现在也回溯了历史，这些能被留存下来就是很大的意义。人生的意义在于出发在于过程在于步履不停，我学到了。","4","wudaoxing","positive"
"2024-11-10 13:27:49","与魏时煜的《金门银光梦》与《古巴花旦》遥相呼应，甚至后者的两个主角也在片中出镜。余金巧伉俪是绝对的主角，但导演所要呈现的是一个更隐秘与广大的华裔历史，一个恣意挥洒生命激情和艺术能量的女人世界。虽然并非论文电影，但整部片的建立逻辑还是有些散乱，一度无法把握剪辑的脉络，感觉对素材的编排似乎无法支撑起表达的野心。直到后段看她们在颐和园昆明湖上泛舟，老人哼唱起古老的旋律，忽然一种美的暖流跨越时空击中了我，影片的情感逻辑终于露出端倪。","4","yellowmoonbird","positive"
"2024-09-24 12:41:33","一段被忽视的历史，视角还是很不错的。只可惜，也只是做到了第一层，也就是记录。","3","qijiuzhiyue","neutral"
"2024-11-05 19:57:07","可能是议题原因，也可能是生活周遭，泪腺仿佛不相信有如此鲜活、真实、透彻、洒脱、旺盛的生命力，在最后一刻，在余金巧、方美仙在上海美术馆舞动之时，在片尾字幕叙述串联完整起整个故事之时，彻底决堤。","4","yangmingjiao","positive"
"2024-09-24 13:09:59","紫禁城是皇宫也是俱乐部，太平洋是汪洋也连接故乡。获得单人纸牌的嘉奖，也获得唐人街的欢呼。有女人用一双手养活两个女儿，有父亲一生希望能把家人接回故乡。衰老并不意味着失去一切，在台上永远可以露出大腿跳出风情。她甚至发不出圆圆的发音，但粤戏里的唱词，茉莉花的曲调，都烙在骨子里不会散去。","3","xilouchen","detailed_neutral"
"2024-11-13 15:42:05","一个特殊华裔女性团体的故事，导演用温情掩盖了一个事实，那就是康康舞是男性对于女色消费的产物，不然就不会随着脱衣舞的大行其道而迅速没落。","5","1338363","positive"
"2024-11-03 15:24:59","太好看，笑中带泪。让我们快乐生活。","5","aida","positive"
"2024-11-07 21:12:47","跳舞本身是一件太快乐的事情，自己做衣服想想都有趣（曾经和女性友人们想自己做衣服奈何技术局限性哈哈哈），记录本身很珍贵，稍显浅尝辄止了，希望看到更多细节和内容，和历史和时代的互动。","4","154731967","positive"
"2024-11-03 15:30:03","太动人了，非常轻盈、精巧的一部纪录电影。生命力带来无限的魅力，无论你是美丑还是年轻年老。不止是关于女人的电影，更关乎生命与衰老。每一个不曾起舞的日子都是对生命的辜负。","5","181622846","positive"
"2024-09-24 19:02:20","感觉为了上院线，所以片长减少了很多，很多细节没有展现出来，逻辑性少了些。很多感谢导演的话，出现在电影里，难免有些自恋。 不过奈何主角太迷人了，最后那段舞蹈，看哭了我。 PYIFF第1部。","4","earlyzaozao","positive"
"2024-10-29 20:57:10","我终于明白为什么留学的时候被白男骚扰了去你妈的America疯马秀","2","199173457","negative"
"2024-10-30 23:44:06","8.5导演没有聚焦于种族歧视、华人处境和如何克服人生中的种种困难，让本片缺乏一些厚重感，同样也带来了轻盈的氛围，歌舞人生也可以仅仅因为热爱而已，把每一次演出当做最后的天鹅之舞，一定是因为太喜欢跳舞啊！人生不过尽兴二字！","4","81693555","positive"
"2024-11-14 20:54:10","非常令人失望，白白浪費了一個好題材。素材極其有限乾癟，又完全不敢碰歷史和政治，更看不出什麼獨到的觀點。最讓我受不了的是，把「舞女」這份工作浪漫化，勵志化。「唐人街舞女」從誕生之初就是供白人男性賞玩的工具，和熱愛兩個字八竿子打不著。我以為會是一部借華人舞女的故事梳理數十年的美國華裔女性的血淚史，結果完全不是。這片不是什麼《女人世界》，就是一部毫無野心的《華人舞女的晚年生活》。","2","68490361","negative"
"2024-09-24 14:56:21","1960年 年轻的舞女们穿着精致的服装在美国跳着软色情舞蹈，与此同时中国大部分地区饿的吃树皮、吃土、吃尸体、吃伴侣、吃父母、吃孩子几千万人饿死，人间地狱。 人啊 平台啊 命运啊 看这个纪录片，在美国生活的这些华人经常笑，说着话就笑起来，这是给我印象很深的一个点，他们说着说着就笑起来，很开心的样子，我们这片土地什么时候能像额买瑞克一样自由 开放 包容 平等","3","180698234","detailed_neutral"
"2024-11-02 20:29:06","你们要看亚裔身份认同和第二性性剥削干嘛不自己去看书一定要带着这样的对智识的饥渴去看每部电影真的有点神经","5","72117266","positive"
"2024-11-08 13:20:38","非常好，从开头就屡屡感动到最后一刻。就像有人说的，这部片舍弃了深度，只是轻松地表现了一些东西，又聚焦在老女人身上。我一开始也想是因为在为尊者讳，后来又觉得这样就足够了，从始至终唯一的身份、唯一的持续是：我是一个舞者，我跳舞，一生。就这么轻盈，感觉看到年老的安，人类出走记。个人的历史切片似乎就是历史的最小单位。而且我很欣喜能在荧幕上看到老女人的面孔和身影，而不是成为看不见的群体。没有什么不应该。 生命力，从始至终的伟大生命力。所以我们只能像史蒂芬一样感慨，亲历者那么挥洒自如，总是赢。现代元素的加入让这部片子多了很多温情，弦诵幸未绝。全世界女性都去跳舞吧！反叛一样轻盈吧。","5","Dullrian","positive"
"2024-11-08 14:03:08","有趣有深度的选题，灾难性的拍摄。开头剧院导游和闪回片段让我以为自己碰上佳作，后面乱七八糟的叙事（一会美国一会古巴戏曲花旦一会中国探亲旅游），还有本来相关有意义话题极多（华裔 女性 老人 风俗产业，每一个都值得细细展开一下）但导演的选材蜻蜓点水莫名其妙。结尾的天鹅之舞和余奶奶的录像倒是骗了我几滴眼泪。（7.0/10）","3","180773470","detailed_neutral"
"2024-11-08 22:49:42","女性导演创作的，讲述一群华裔女性先锋在晚年持续发光发热的故事，能在院线上看到，已经足够了。纪录片制作层面上，似乎素材拼接有些散，故事的逻辑性上稍显不够紧密。华裔舞者的风采展现讲清楚了，关于生命与文化根源求索的部分，感觉连浅尝都没有就辄止了。","4","91325440","positive"
"2024-11-07 09:27:13","导演意图在开头旁白讲很明白了 作为亚裔被打造为东方主义奇观、作为女性被观众凝视、作为舞女在美国社会最底层挣扎 而随着年岁渐长还要再叠一层年龄buff 但导演的对抗是选择了一个有本就选择权、做什么都不会混得太差的高女作为拍摄对象 所以从一开始就脱轨了 变成用跳舞的爱好来论证迎合白人审美的露大腿自由 用建立老年舞团诡辩舞女是越老越吃香的职业 到世界各地演出延续和传播所谓的美籍华裔文化 也只是平添另一重奇观 遮蔽了更多结构性问题和底层的真实处境 有种清澈的愚蠢 一定要说从中得到了什么教益 那就是多跳舞能健康长寿吧","2","160259462","negative"
"2024-10-31 23:32:33","【导演映后场】做人呢就是开心啦！一部生活在西方的东方女性影像，展现自我，绽放自我，最终得到快乐的自我。当丈夫史蒂芬描述对于死亡的担忧时，妻子金巧玩着蜘蛛纸牌，还取胜了呢，多好！纪录片拍摄的过程会影响着他们，这种相互的作用也为影片增添奇妙的化学反应。","4","259967047","positive"
"2024-11-15 00:01:44","有许多可供大肆煽情或渲染的点，最终成片却如此轻盈温和精巧，灵气都要溢出来了 My my cobyWhat a glorious life.","5","ldqpz","positive"
"2024-11-13 14:14:21","因为有制片人徐筱做映后，所以看前做了很多功课听了很多对主创的播客访谈，没想到看片时还是被弄得又笑又哭。真可爱的人们，因为彼此深刻的生命联系而互相激发，共同燃起一团火、组成一大束生命之光。这样坦荡地面对身体，这样热烈地追求美，让死气沉沉的时代有了热和光。导演/作者的深度参与，让这个项目一开始看起来是那么的不可能，而它竟真的做到了，艺术让生活不可思议。动画、剪辑、档案甚至直接创造可纪录的事件，都让这部影片如此丰富和充满力量。喜欢Coby做的各种服装以及她专注的样子，喜欢史蒂芬给coby做的拼贴画，喜欢在古巴的三语交流她们年轻时的演出档案有一种强烈的奇观性让我直拍大腿，而年老后的温柔和美丽又那么令人舒适。之前从没关注过的群体，能通过这样的方式认识她们真是太好了！","5","rubbitU","positive"
"2024-10-28 23:19:54","迟到进入影院，结果发现影片尚未开始、取而代之开场的是一场临时策划的摇摆舞表演 。喜欢这样富有想象力的瞬间、例如Coby沿故宫的台阶走下，没有音乐，远景画面一角的友人唱起唐人街的歌谣，才好跳起舞来；还有影片结束展示伍锦霞《女人世界》剧照后黑屏：胶片现已遗失时胶片转动的噪声。横跨时空的紫荆城俱乐部与《女人世界》","5","SoLaichun","positive"
"2024-11-07 21:28:55","对生活的态度应该是： 搭配的整整齐齐的套装；唱50遍的swan song；吃泡面时翘起的小拇指；永不缺席的music；每天都能发现how fun 四个姐妹在街上说说笑笑打着雨伞，甚至不像我的今天，而是昨天。","5","157261068","positive"
"2024-10-30 22:25:42","最让我动容的是coby拿着她的一摞档案袋说出：这大概都是我想忘掉的事。但纪录片的叙事拍的像vlog，导演的映后重点一直放在coby不在了，不应该是因为她的死而让这部影片变得有价值。女性在时代被迫下的生路该被叫做先锋吗。","2","216937602","negative"
"2024-11-07 21:53:02","希望我92岁的时候也可以这么dynamic","4","186513616","positive"
"2024-11-06 20:37:38","第一次在百讲睡着了，影片感觉就像一个放大在大荧幕而显得制作缺点更突出的vlog而不是纪录片。优点五星的谈的够多，我只想知道最后字幕打出致敬和怀念的时候，夜总会舞女和先锋性两个词的链接到底在哪里？我不知道华裔女性/灰色地带舞女/移民与归国等议题单是我的期待，还是导演在多地辗转真的想深入挖掘的东西。最后只悟出到老年也要纵情起舞的道理，会不会有点太浪费这六年的努力 coby说自己做的亚洲风的衣领其实在真的土亚本人看来毫无瓷器味，说告别的时候coby会说英语日语意大利语但是连再见也说不出来，即使如此，coby还是要说，在American之前我首先是Chinese。她站在太平洋的另一端眺望和跳舞，问所以这片海也连着中国吗。不好说这是浅尝辄止还是点到为止。","3","199712310","detailed_neutral"
"2024-11-06 16:33:26","在那句我意识到我即是美国华裔舞者史之后，形式如何似乎已经不重要了。但主创还是给出了一个非常工整的形式，有作者视角、有逻辑、有审美，把理性和情感结合得恰到好处，言之有物也不过分煽情。在这个片子里同时看到了女性优秀的工作能力和共情能力，伟大的女性创作者！","5","192162496","positive"
"2024-11-08 01:42:24","同《里斯本丸沉沒》相似，本片也屬於對已步入暮年的歷史當事人加以搶救性打撈的口述史電影，為出身舊金山唐人街、年屆耄耋仍堅持舞蹈的華裔舞女，留下了寶貴的影像紀錄。影片在2020年戛然而止的面貌，顯示了中外之間從硬件到軟件的鐵幕落下，對於日漸成為一宗跨國事業的電影製作的深切影響，舞蹈團能在2019年完成訪華，實乃幸事。略感遺憾的是，兩位視覺藝術家（簡介自封）只是將不錯的食材端了上台，但未能借助史識對其加以進一步處理和製作：比較文學形象學也好，移民研究/華人華僑史也罷，諸多可能的議題，作者是一步也不願多想，心思是都花在如何安排傳主感謝自己、並把這些鏡頭一條不落地剪進正片上了？然而如果您只是想把影片做成美西版本的《夕陽紅》兼《藝術人生》，恐怕還不如去採訪採訪遍布中國大地的樺林舞王更有意義和故事性。","2","bork","negative"
"2024-09-26 22:18:47","用学术方法抵达具体人群，今昔影像揭开尘封历史记忆，鲜为人知的广阔天地中伫立自尊和自由。它是舞者的美丽人生，也是珍贵的档案文献，更关乎人类的聚合离散、起居迁徙。","5","3410802","positive"
"2024-09-24 13:02:18","九旬老太忆往昔峥嵘岁月！羡慕这体格，太硬朗了！果然生命在于运动，老了能赶上人家一半都烧高香了","3","W3IQ7","neutral"
"2024-11-02 17:57:50","男人感叹生命的意义，但对女人来说可能当下的愉悦更为重要呢女性意识更像是噱头，重点更像华裔女性的民族认同（瞎说的，其实主题挺模糊的），比较喜欢的是奶奶们的生命力内容太浅了（浅不算问题，问题是创作者又特地赋予了很深的意义，挺矛盾的），其实也可以深挖一点，不知道是不是不忍心","2","181661891","negative"
"2024-11-07 00:10:13","一小群人的生活被看见，是人类社会的历史不断完整和丰富的过程。","4","214973559","positive"
"2024-09-24 20:58:54","8th PYIFF# 现实与潜在影像构成一个历史-当下的时间晶体，不仅关联着个体/群体的自我指认，也联结着跨文化语境的碰撞。它又非纯粹的东方主义的巡视，而是在之中试图寻找对话的可能，这即是纪录的意义。可创作者主观的介入甚至被影像赋予了实体，因而在对纪录对象形象的反思上失去了深度，后半段的地点跳切几乎沦为游玩式的展览，以致在个人史和群体志的书写上同时在表面搁浅。","3","WZT20030226","detailed_neutral"
"2024-11-07 21:28:09","当她摇摆在古巴的雨天，说朋友们，这就是演艺圈，她就是超级明星","5","179963220","positive"
"2024-11-06 23:39:35","有价值有意义的记录，但是讲述故事的水平差一些。","3","189612467","neutral"
"2024-11-11 12:25:39","切口很有趣，但叙事线铺得太散了","3","eeelizzieee","neutral"
"2024-11-07 21:37:37","在安静的呼吸声中听见了无穷活力，愿我们都能在生命的每一刻舞蹈。","5","179427051","positive"
"2024-11-05 20:46:09","7.1 过度照顾观感了一些，素材结构组织性可以更好。","3","Pincent","neutral"
"2024-11-05 19:37:42","最后一舞！92岁比我29岁时候都有活力。长达近一个世纪的美国华裔舞女回忆录，是很值得被纪录的一段历史，在唐人街以东方文化和软色情为卖点，到如今在中国跳着西方舞步展现生命力量，中间跨越的不仅是山海，还有没能全景展现的辛酸与无奈，这位战胜文化隔阂和年纪束缚的奶奶值得敬佩，92岁正年轻。纸牌游戏那快拍的很妙","4","42325900","positive"
"2024-11-05 19:54:02","不如叫落叶归根，导演第一关注的议题不是女人而是老人，也不能去了两个国家就叫世界吧。在一个身份政治的年代，华裔、女性、舞者、老人，在她漫长岁月中背后的东西什么都没拍到。所有赞美送给柯比.余和舞团在银幕上流淌的生命力。","2","Mryangdachui","negative"
"2024-11-06 19:53:37","明明在讲华裔的故事 却和他们说的语言一样让人陌生 浮夸的服饰与妆造 导演的自恋与自我感动 这种感觉类似于在看花木兰一样让人感到不适 说白了就是一场外国人对中国文化的华丽意淫 她说了再见的英语 日语 意大利语都不屑说一句中文 你想让我为这种电影买单？门都没有","2","80619332","negative"
"2024-11-03 11:15:59","真的太棒了这部片子 so inspiring","5","joecharade","positive"
"2024-09-24 15:11:25","看这个想起了之前在海外电影节看过关于黄柳霜的半记录电影，然后这部电影里记录的这群人也是，或许我们刚开始走进影院时因为新奇，就像现在我们也还是会去酒吧/夜总会去看摇摆舞或者lap dance，不过通过这部电影，能去发现背后她们既作为个人的自己的精彩和生活;也作为美国华裔历史的一部分，能被捕捉和记录是一件美好的事。 此外，他们能在退休以后也能保持如此美好年轻的状态真让人感动。 Ps:我还是睡着了几分钟，因为实际上作为纪录片还蛮跳跃的，不过导演给奶奶们的关心以及这群奶奶们本身是极具吸引力的。","4","166091785","positive"
"2024-11-03 20:07:52","三个非华裔在古巴武术公园里唱粤剧（Chinese opera）","4","140649606","positive"
"2024-11-05 16:45:53","感觉提了很多可展开的点，但是没有一个立得住的；说句不好听的，这样拍的话，随便周围找个广场，跳广场舞的阿姨们生命力都比影片展现出来的强。舞者们本身的生命力是存在且强的，但导演的呈现我觉得是非常失败的。","2","79372672","negative"
"2024-11-12 00:02:46","非常平实的叙述，能聚焦在人物身上，本身也是好的。东亚人里难得有老年女性这么热爱舞蹈的群体，看着吵闹的广场舞也只会想想如果家里人都能像她们一样快乐、充满生命力就好了，无论是跳舞，还是自己做衣服。甚至都没那么中餐原教旨了。 影片中还有《上海小姐》，coby们活过了被好莱坞当做东方主义背景板的年代，活过了卡斯特罗的年代，以粤语为纽带生活着，坚持着最后的爱好，能够相识也挺好。 其实适合和《里斯本丸沉没》对照观看。两部纪录片都是上世纪普通人(与中国相关)的再发现，《里》是沉没于中国海岸的英国俘虏，《女》是在美洲歌舞的华裔女性们；中国导演们走近他们，而又在2020的疫情中失去他们。Coby和Stephen真是令人动容的爱情。","4","188706693","positive"
"2024-11-06 23:32:44","华裔女性，so waht？告诉你她们的身份，但又不讲这种身份的影响或者独特性。就看了她们怎么不服老要活到老跳舞到跳老（老了跳舞还没广场舞跳得有活力）。传奇的人生拍得如此毫无波澜","2","243123316","negative"
"2024-11-10 13:18:29","Killing me softly with her dance","4","180726371","positive"
"2024-09-24 15:30:36","【8th PYIFF@小城之春】她们正年轻。以华裔女性舞者为切入角度来向彼时的先锋女性致敬。在不同的文化背景和语境下，她们依然能够绽放出生命之美。","4","FelixFJH","positive"
"2024-11-06 01:12:40","史蒂芬感慨生离死别流下眼泪那段是动人的，歌曲是凄美的，叙事是散乱的，纪录是表面的，要表达的最深层的东西是我抓不到的，文化是有壁垒的是影响人感同身受的，老奶奶是鲜活的身子骨硬朗的，是我这种懒死人一辈子都活不成的。因为鲜活的人一直都鲜活，温吞的人一直都温吞，女人的世界就是可以活可以死的，俺们做自己就好","3","226477810","detailed_neutral"
"2024-10-29 22:06:32","从人物魅力角度来说无可挑剔，当你看到一群已经耄耋之年的老人仍然在燃烧自己生命的火焰在尽情舞动的时刻，任何想对之评论的话语都是显得那么的苍白无力。但是从电影拍摄角度来说我认为还是有些不够的，导演对于人物的生平经历、情感性格及作为一个异乡人而产生的独特内容这几项叙述重点的分寸把握存在一定漏洞，在纪录手法上使用的过分碎片化的手法让对主人翁的描述只停留在了浅层之上，而不见更多的细节来进行更深度的补充，最终效果只能是只能展现皮毛的普通流水账。","3","harmen0829","detailed_neutral"
"2024-11-07 11:53:59","非常糟糕的记录方式，但却呈现了一群值得被记录的人，一群在外国他乡成长依旧热爱跳舞的年长女性。","4","sevenhaozi","positive"
"2024-11-07 21:22:31","好像没那么恐惧变老了","4","103120570","positive"
"2024-11-06 16:33:26","在那句我意识到我即是美国华裔舞者史之后，形式如何似乎已经不重要了。但主创还是给出了一个非常工整的形式，有作者视角、有逻辑、有审美，把理性和情感结合得恰到好处，言之有物也不过分煽情。在这个片子里同时看到了女性优秀的工作能力和共情能力，伟大的女性创作者！","5","192162496","positive"
"2024-11-07 23:46:43","浅表的记录片，更像是导演跟拍余金巧六年的vlog流水账，缺乏更进一步的思考与追问，比如这些少不更事时就来到美国的老年华裔女性对中国性的理解少女时期穿戴上带有满满东方主义凝视味道的服饰，在夜总会表演某种东亚风混搭舞曲；成年后遇上改革开放作出是否要回国的决定；当她们以有衰老迹象的身躯，涂上厚厚的妆容，再次表演当年为美国本土游客展现的近乎于软色情服务的舞曲时，这些舞台的含义被再次改写，似乎成为一种主动的自我表达和赋能，但影片完全没讨论到这一面向。对于在华人街长大的初代/二代华裔女性的困境也很轻飘飘地带过，作为妻子和母亲的真实性别经验被手动摘除，何以称为女人世界？当你要拍一个集族裔、性别、跨国流动话题都触及到的能拿到龙标的片子，还要精准踩中时代情绪强调女性独立先锋，就会出现这样的情况","3","156935493","detailed_neutral"
"2024-11-11 13:06:41","作为纪录片还是挺勉强的。两个核心问题：在东方主义视角流变过程中，华人舞女如何面对社会视点的转换？在当下的审美志趣下，老去的舞女面对风情舞作为一种景观的衰弱，是否有自身独特的理解与行为？角色有百分之一百的自由不在意这些，但是创作者需要给出更多的信息。","2","huangjinshijie","negative"
"2024-09-26 22:18:47","用学术方法抵达具体人群，今昔影像揭开尘封历史记忆，鲜为人知的广阔天地中伫立自尊和自由。它是舞者的美丽人生，也是珍贵的档案文献，更关乎人类的聚合离散、起居迁徙。","5","3410802","positive"
"2024-11-07 22:16:28","幕后故事比影片本身更吸引人一点吧，坐在去电影院的车上听完了圆圆导演的博客，讲她一开始自己一个人在美国拿着一架设备，讲她生产前一天还在做赞助应酬，讲她得了癌症在病床上收到龙标所以满怀期待去看了，坐在电影院差点睡着，整个片子镜头很乱，剪的也很乱，加上调色以后看得人晕晕的","3","148834688","detailed_neutral"
"2024-09-24 15:30:36","【8th PYIFF@小城之春】她们正年轻。以华裔女性舞者为切入角度来向彼时的先锋女性致敬。在不同的文化背景和语境下，她们依然能够绽放出生命之美。","4","FelixFJH","positive"
"2024-11-07 21:28:09","当她摇摆在古巴的雨天，说朋友们，这就是演艺圈，她就是超级明星","5","179963220","positive"
"2024-11-07 11:53:59","非常糟糕的记录方式，但却呈现了一群值得被记录的人，一群在外国他乡成长依旧热爱跳舞的年长女性。","4","sevenhaozi","positive"
"2024-11-07 21:22:31","好像没那么恐惧变老了","4","103120570","positive"
"2024-11-09 20:52:56","2024.11.9 济南百丽宫路演 老人舞蹈天然需要片子首先回应生命消逝的主题，让人想到高中作文用烂了的尼采名言每一个不曾起舞的日子，都是对生命的辜负，没有什么东西是丑的，只有退化的人是丑的。结尾Coby的离世好像承认了生命有限性，但导演名字（圆圆）、首尾相接等细节似乎也暗示生命延续的可能。 本片还采用了大量拼贴的手法，以历史档案、访谈游记、舞台表演穿插叙事，三地巡演也呼应了华人移民身份的离散性。归乡之旅既是确认自己华人的身份，也许还是对这种离散性的自我慰藉。 对于部分话题（暴露舞与时代偏见、另外几位舞者的故事）填充不够，完成度还可以更高，部分素材编排逻辑性不够。导演丈夫（联合制片人）说之后会出书继续这个故事。","3","MalcolmTsu","detailed_neutral"
"2024-11-06 22:31:51","一部cody传，对于身份认同、移民问题、女性议题的深入挖掘几乎没有，比较失望吧。","2","57673191","negative"
"2024-11-07 21:37:37","在安静的呼吸声中听见了无穷活力，愿我们都能在生命的每一刻舞蹈。","5","179427051","positive"
"2024-09-24 20:10:02","完整，有趣，生命力十足，有被激励到","4","niba","positive"
"2024-10-27 20:32:11","@ 深圳湾万象，导演制片主角们映后路演场","3","virgilzhou","neutral"
"2024-11-09 09:44:14","题材是难得的，本身人物也足够可爱，毫无疑问coby人格魅力之强大/人生之传奇，身上所散发出令人羡慕钦佩的自由散漫的气息以及对所热爱事物坚持到底的决心，可能受限于篇幅也为了在最大程度上服务于观众，影片所展现的仅仅记录下她们（不完整）的舞姿与令人感叹的精美头饰，剪辑不同年代的重合交叠展现电影的魅力，但对美丽的背后没有更深入的探索，所提及论题的层面虽广却仅限于表面，家族的变化史没有牵引出时代下的个体遭遇，只是用口头的形式进行回应（say no），素材内容更多的也是关注个人的/小家的而非世界的/群体的，无法满足我（私心的）对于人物的想象需求，缺乏可延展的空间而没有看见更多。结尾很难不动容，不闻不问的纸牌玩乐，最后一曲天鹅之舞，面对岁月的蹉跎和生命之于死亡前的渺小，电影终会将有限的时长永远保存","3","209918850","detailed_neutral"
"2024-11-16 16:33:38","这个风情舞和脱衣舞/色情舞的界限或本质区别在哪里？为什么奶奶可以为了高薪接受露大腿却对脱衣舞斩钉截铁地说no？在唐人街夜总会穿着比基尼跳舞的华人女性，这背后似乎藏着西方人对华人的文化凝视和男性对女性的身体凝视这样值得一叙的问题","4","147560378","positive"
"2024-09-24 15:06:59","即使皱纹爬满脸庞，美人依旧风华绝代。一段华裔舞者的生命史诗，属于余金巧的艺术人生，被深深打动了。","4","146379053","positive"
"2024-11-03 11:15:59","真的太棒了这部片子 so inspiring","5","joecharade","positive"
"2024-11-10 21:03:39","确实视角难得，也捕捉到了一些灵动的时刻，但细节的缺乏还是让想传达的东西有些表面","3","132139055","neutral"
"2024-11-05 20:52:58","这部在平遥满载好评的电影终于上映，抓紧看吧，希望走得远一点！（没有什么比玩空当接龙更重要的事！","4","xiaoyaofande","positive"
"2024-11-17 14:13:45","三半。片名出自伍锦霞的《女人世界》片中《古巴花旦》的主人公和鸣谢魏时煜显出隐藏的脉络。背景介绍以海报做动画我也想到《金门银光梦》，但仅限于此处，后面并没有历史钩沉的野心，生活照放在片尾出字幕。展现的几个片段却也耀眼。母亲让父亲出钱送女儿学跳舞，妈妈为她缝制表演服，本是表演个节目却成了她终身的事业。电影着重于快乐事业感较弱。露大腿于中式封建规训是反叛，但又遭受西式对娃娃凝视的目光。反倒被脱衣舞抢了生意后可能才是为自己而舞吧。93岁思辨清晰一口好牙，闪回到她70岁录影舞姿确实迷人，难怪Steve为她着迷。电梯里拍墙倒影让我想到邓丽君和保罗。衣饰艳丽夺目心灵手巧。哈瓦那撑伞雨中唱我不禁鼓掌。父亲40年代回国未再归不知是否有历史原因，或隐去。看到古巴粤剧草台一把拐撑着麦克风，中国城唐人街会一直在","4","muxialiang","positive"
"2024-11-02 18:07:22","3.5，调起得很高，一上来非常好，但后半部分泄力非常厉害，失去了焦点，有点可惜。这些奶奶的精气神值得五星，永远美丽，lets dance together.","3","jennyofmine","neutral"
"2024-11-06 23:46:32","好选材决定这部纪录片的下限，但是上限也完全没打算去碰，美籍华裔风情舞老年女性，就这几个关键词随便拉出来一个能说的都太多了，愣是一个也没深挖。","3","127356237","neutral"
"2024-11-14 23:21:24","爱看，多拍。一部很好的多题材电影。/即使年龄增长，也永远不要放弃对生活的热爱。/海外华人这个特殊群体一直都有很多可以说的。本片中除了受访者的身份认同感可以被着墨以外，她们的职业某种意义上也代表了海外华人敢拼搏、敢为天下先的态度。作为父母祖籍均是著名侨乡的我对此亦十分有感触。/正如我一直认为的，某种意义上境外（含港澳台）对中华传统文化的发扬和保护也起到了十分重要且异于内地的作用，也许若干年后我们想听广府粤语和台山话，或者是看粤剧的时候，只能去港澳或者国外的唐人街了。","5","45361858","positive"
"2024-11-09 19:51:20","Coby Yee摇滚的一生，一直跳到生命的最后时刻，跳完她的Swan dance，喜欢里面的音乐和有时光感的镜头，片子本身感觉还差那么点意思。","4","fullmoonin0328","positive"
"2024-11-12 20:55:31","at天山5厅。杨圆圆用这部长片完成了之前几部短片的华裔舞女宇宙，有点想让萨义德来看，如何以东方主义的风情，这种被凝视和投射的身份，活出跨越身份的character，影片可以归入华裔离散史，文化符号建构出了真实（从紫禁城夜总会到故宫），古巴戏台几乎是一种域外传承，还穿插了媒介考古，史蒂芬的DV拍上海中心暗中呼应方美仙说的穿越，杨圆圆这个系列可以和邱炯炯（这俩名字也绝对）对川剧团的记录相比：一种行将消逝的文化留下它最鲜活的人性痕迹，最强的抒情时刻属于颐和园荡舟唱邓丽君，就好像当华语也像超新星爆炸后湮灭，还会有它最后的歌声传向空荡荡的宇宙：月亮代表我的心","4","saintdump","positive"
"2024-11-06 19:55:39","导演干过唯一有意义的事就是拍了这些素材 剪得乱七八糟 充满自我感动 完全没有同理心","3","95836023","neutral"
"2024-11-12 22:10:16","半程都在哭，我知道导演关于coby和舞团的两条线都没有讲得很深入，关于移民和女性以及东方主义的理性议题只是点到为止，我知道因为这是一个完全关于感性的电影，关于时光流逝，关于经历着旧时代并选择活在当下的女人们正经历的故事。 只是看着她们跳舞、听着她们聊天，我就为那种充盈的、超越时代的、母系联结的光辉所笼罩，我只能哭只想哭。","5","57566252","positive"
"2024-09-24 16:14:32","8th PYIFF。题材内容人物都是好的，音乐好听，但是主线不清晰，主题也不明确，本该更好！","4","ibelieve","positive"
"2024-11-08 00:36:43","「看了展覽，在去年被放鴿子的某個下午。意外驚喜！」這是3年前標註想看的留言～3年後總算是看到長片～喜歡史蒂芬金的工作室，那些帶著美好願景的拼貼！滑過臉龐那一滴淚！柯比的呼吸聲，吃麵的時候翹起的蘭花指！驚嘆柯比親自縫製的演出服，感嘆她和史蒂芬金的情侶衫以及仍舊無時無刻在冒著粉紅泡泡的愛情！片尾曲Love again來自我喜愛的陈曦老師！","4","yayi_ifsoso","positive"
"2024-11-05 20:01:42","世界太大了，原来做自己喜欢的事真的可以幸福长寿。 裁剪自己喜欢的服饰，随时舞动自己轻盈的四肢，在旁人忧虑时专注自己的纸牌游戏并顺利拿下，多么丰满又可爱的九十岁啊！","5","180924756","positive"
"2024-09-24 19:12:59","画了一个很美好的移民华裔老年女性群像的光环，但那背后曾经或热血或艰深的体验在娓娓道来中掩藏了生命意志富集积累出的宝藏。或许选一个《诗》那样边记录边剧情的方式会更好点？","3","yourbestofjoy","neutral"
"2024-11-18 22:20:24","还蛮有意思的，感觉很适合做performance studies研究对象，在夜总会露大腿的作为东方主义被凝视的女性客体，却成就了这些女性的一生，她们通过跳舞获得了财富和人生的意义，很难说她们只是纯粹被凝视的客体而没有主体意识。羡慕92岁奶奶活在当下的人生观，我们总在怀念过去焦虑未来，真的很难像她一样活在当下享受当下。作为纪录片来说似乎有些单薄，可以再深挖一下（可能由于疫情和主人公去世的原因中断了拍摄），有些遗憾。","4","wxs723","positive"
"2024-11-10 20:21:36","不算成熟，但是很有意义的女性纪录片。","4","kxty1028","positive"
"2024-11-06 22:31:03","可以成为史料的珍贵记录。也看到许多生活的可能性。","4","yystilllife","positive"
"2024-11-16 19:18:40","很喜欢，想喊妈妈和姨妈们都来看。女人世界是笑，是美，是繁复花边和亮片，是风情，是生命力肆意绽放的世界。也赞同导演这种不带批判也不过度美化的视角。","4","59719434","positive"
"2024-09-27 21:04:00","20240924平遥影展初体验第一部竞赛单元新片太机缘是从Women's World到如今Chinatown Cha-Cha的《女人世界》。从《金门银光梦》粉上伍锦霞；出于自己想做但力不能及的领域有人在做的相惜感众筹随了个大的；穿着T恤买了第一排的座位，第一次看成片但那么亲切熟悉，片尾字幕看到意外自己名字的时候简直哈哈哈哈哈，义气啊~片头沙滩上女孩子们的档案影像非常生机；Coby出生在Columbus（现代主义建筑聚集地）；与《古巴花旦》华人群体梦幻联动；风情舞（黑白花车游行影像好惊艳）；92 years young；辛西娅模仿小时候见到Coby的诱惑动作you want more? more? more? ；对《富丽秀》多了一点语境理解；Coby利用纱丽等做的演出服太厉害了！Stephen吐槽初见、旁观打牌时对死亡/记忆/情感的表达都很动人。跟《出走的决心》形成鲜明对比~","5","easyandslow","positive"
"2024-11-06 23:37:35","北大场。一个长20世纪的故事，却停留在生命力，有点可惜。但恭喜yy！完成已经不易。","4","Vividkid","positive"
"2024-11-10 21:33:12","第2558部，这部电影从文化研究的意义上，是让不同的离散华人，见到彼此，以及回到故乡。而作者在这种文化意义之上，又以这群高龄却依然表达自我的舞者。这是多么崇高的对生命力的浪漫化表达啊。生命之诗啊！","5","moviecafe","positive"
"2024-11-03 20:05:52","五六十年代华裔舞者从容老去的样子，但是开头一闪而过的黄柳霜提醒我们背后肯定有藏不住的心酸。但是毕竟过去了，能这么轻盈跳到去世的那天也是福分。","4","fuxiu","positive"
"2024-11-15 20:34:05","比起纪录电影，更像一部艺术家的影像档案，导演的存在推动了大部分章节的发展。其中涉及了很多线索，比如亚裔的生存史和带有情色意味的表演。我非常欣赏导演的处理，金巧和搭档跳一支舞时，导演只留下了脱衣的部分，那种微妙的不适所带来的惊愕，足以让历史命运的震动一直回响。这些东西如果深入探讨，就会消解今巧的生命力，她就变成一个表达立场的工具。导演从一个档案的概念出发，最终被个体生命强烈地吸引，她忘记了那些宏大的命题，成为故事的一部分，成就了一场具有浓烈情感和能量的讲述。","4","zhuoyang","positive"
"2024-11-08 17:30:31","唐人街，风情舞，从美国到世界，从保守旧时到开明现今，镜头对准这些绚烂而光彩的先锋女性，自然同时对照出生命本身，也有这样的热力与魅力。看到垂暮之年继续舞摆，内心也会开出繁花，反过来又让人在岁月长河两侧的强烈比对里，格外感叹人世无可逆转的残酷。而且现在看老人家，总担心有个句号会写在后头。当然，年龄不是必然，但那就是另一种唏嘘了。片名致敬伍锦霞1939年第一部全女班华裔电影，当然很有意义，不过她们所能折射的意味，何尝是这四个字所约束得了的呢？以及舞蹈班里，还有一个没台词的gay哦。","4","misterinfamous","positive"
"2024-09-26 01:33:14","观影结论是：我应该重回我的swing！她们真的太美了。生命力和选择权双双万岁。","4","CynFish","positive"
"2024-11-16 14:14:01","非常好的題材和故事，只可惜停留在了表面。另外，整個電影的剪輯，仿佛流媒體短視頻的瑣碎拼湊，一個跳了一輩子舞的人，在電影里，竟然一段稍微長一點點完整舞蹈都沒有保留，全部是短平快，連最後海岸邊獨舞都是剪的稀碎，大遺憾。","3","wubianz","detailed_neutral"
"2024-11-06 21:10:32","她90岁的每一场都说是自己的天鹅之舞。","4","155781209","positive"
"2024-10-28 23:30:20","作为纪录片还是流于表面了，想看到一些更深刻的东西。多出的一星送给映后的奶奶们，太动人的生命力了","4","213671836","positive"
"2024-11-06 01:38:40","北京首映-开头五分钟就震了，难得丰厚的资料，遗憾最终不太深入。龙女，上海宝贝，China doll...forbidden city 这些意味很坏的词也消解在终于堂堂的具体的生命旅程。女人的营生也许是微小的自顾自的，与宗乡故土的抱负无关，在文化冲撞的第一线顺势迎合，勉励着生存扑向客场落地生根，离散之中融合，说英语的说英语说西语的说西语，从异域的欲望客体的景观，到安抚一代人垂暮，那些凝视和驯化如今都化做温情的美国往事。","4","period","positive"
"2024-09-24 15:15:15","90岁高龄还能穿华服露美腿去异国表演，还是那么鲜活明艳，人生起起落落又算什么呢？她就是赢家","4","4051316","positive"
"2024-11-02 17:53:46","Passion. 我们能在生命里留下什么，赢一局蜘蛛纸牌就很快乐。 记录下被遗忘的、应该留下印记的华裔女性先锋，留下她们美好的部分。","4","Kthe","positive"
"2024-11-14 10:41:44","题材大于完成能力，但找到一个好的拍摄对象就成功了一大半","3","imecstasy","neutral"
"2024-11-06 16:49:17","开头就觉得很感动，看到老年女性的美丽和生命力。最后留下的是美好，一段串联起历史的人生。影片处理得很轻盈，但是轻盈得恰到好处。","5","tildali1214","positive"
"2024-11-07 22:50:15","余金巧奶奶这个人物绝好，感谢导演的记录。但从片名和简介来看，它显然是要拍群像的，这和呈现出来的内容是有冲突的。","3","135508227","neutral"
"2024-11-18 03:59:59","被工作困住一个半月之后，终于再次走进影院，原本就少的排片加上上午的场次，整场零星三四个人，虽然有点惋惜但换个角度想：这个世界上至少又多了三四个人看过她们的人生。真实令影片加大分，当他唏嘘为生命之末或许是否正在延续落泪，她在身后专注won了纸牌游戏欢呼。忘记的照片细节和街角工作过的工作室，一切盛大而平实。四处表演的姐妹们并非完美却胜过完美，在街边在餐桌在巴士在故土，时刻哼唱和舞蹈，来自盛时的肢体记忆，人们怀着无法考究的来意蜂拥而来，那些被夸大了的荣耀在记不得歌词的哼唱里成为她们自己，她终完成了一世在练习的天鹅之舞。或许每个人都不如被外界冠以的盛名优渥，但何其宝贵这真实的异乡的一生，被记录、被看到。","4","yummyzuo","positive"
"2024-11-13 22:37:51","古巴花旦的两位也小出场","4","69827564","positive"
"2024-11-08 13:08:00","92岁的Coby体现了她无限的生命力。 她这样的年纪了依旧绽放，我为什么要在只走到三分之一的年纪就要停止我的绽放。 也许我的高光时刻未到来。 圆圆导演，真的是一个好温暖的人。 最开始看电影的时候，看到那些已经非常年老的面孔的人，我只感觉到不再美丽。 越看到后面，她们在镜头面前诉说的他们的生命，她们的热爱，胜过身后美丽的风景。 值得被看到的一部纪录片！","5","266199113","positive"
"2024-11-19 19:54:16","时间可能会给身体留下刻痕，但时间无法带走身体里跃动的精灵。","4","216581617","positive"
"2024-11-15 14:06:10","像家庭录像一样并不好看，看得我又玩手机又拍视频，当初又跟人聊天。结果爆泪哭得鼻子都塞住。","5","2584840","positive"
"2024-10-30 21:06:01","这片子能量太强了，幸运的话希望我也能老而有格调","5","daamaao","positive"
"2024-11-20 22:13:31","有点遗憾，总觉得还有很多没有挖掘出的部分，看到的都是表层，影片说她们很先锋，可我还不能完全明白，露出大腿的表演是对自己身体的展示，夺回自由和主权，还是同样存在被剥削的部分。或许都有，但终究取决于舞者如何看待。","5","161407652","positive"
"2024-11-07 23:29:30","11.7深影。1.最喜欢的竟然是导演的温柔在场。感到没有被表达欲和确证欲束缚，没有因历史/移民/国族/性别议题消解对人本身的注视，感到人与人在镜头内外日渐累积的情感联结。是在场所有女性共同的书写和纪录，持摄像机者的介入便似乎也可被接受。（缺的一星确实也在这种轻巧和不聚焦上）2.在生命的最后一周，她依然在跳舞。I always win皱纹很美，身体很美，舞蹈很美，生命很美。对衰老释怀许多。/被看见和被欣赏，主语是自己，幸运的话便还有他人。/珍惜我们的激情，并时常打磨、擦拭、抛光，让它得以绵延不绝。sing in the rain～dance in the rain～","4","145956247","positive"
"2024-11-06 10:37:25","Coby的热情和活力足够撑起一部电影。重塑唐人街舞女的积极形象，回溯女性的形象和历史。对历史书写似乎可以更批判性地回望，如今阿姨舞团与过去的断裂也被模糊化。","3","rasoui","neutral"
"2024-11-05 21:16:42","感动于这样充满的能量和自洽的魅力，感动于这样的友爱和陪伴。","5","run11run","positive"
"2024-11-10 00:16:08","选材很好，可惜导演实在是太太太太平庸了","2","146386153","negative"
"2024-11-12 22:54:45","镜头长时间凝视着老去却又异常热情的表情，舞蹈动作中蔓延的青筋，熠熠的脸庞谁又能不惊叹美的令人动心?终有一天我们会趋向老态，是否还能活在当下去寻找那个可以全力付出的对象?在速食化的今天甚至连对于人的认知也只是肤浅的标签化。而又有谁来记录以为自己以为比天大的个人世界呢？ 很高兴在排片那么尴尬的日期中看到了几乎满座的电影院。去了解素未蒙面的可爱女人的一生。","4","sho2mon4e4y","positive"
"2024-11-09 23:18:30","原谅我实在没办法把为了高薪给美国人跳风情舞这件事和女性的先锋联系起来","2","167967062","negative"
"2024-11-03 17:18:22","第一次看标题觉得奇怪，不凑凑五个字吗，女人的世界。看完觉得这四个字不错，女人世界可能是个主谓短语，世界是动词，是去看世界去享受世界。这个动词没有宾语没有边界。 感谢coby感谢圆圆 记录了一组我从未见过的女性长者宁静快乐的无边世界。最想让松子看到这部影片，让她看到女人（这个词没用过，挺好）可以自主地绚烂缤纷。不用跳深渊，可以跳舞，随地大小跳。","5","guiguigui","positive"
"2024-11-05 20:05:07","美是不会老的，只会变成另一种美。向不该被历史遗忘的亚裔女性先锋们致敬，就像历史不会遗忘全华人女星的女人世界。","5","winsletthebest","positive"
"2024-09-24 15:25:33","8th PYIFF 多希望他们一直舞一下。《女人世界》《古巴花旦》《金门银光梦》梦幻联动。","5","53699225","positive"
"2024-10-28 23:12:03","生命如歌，纵情舞 看完长篇，热泪盈眶。或许在圆圆记录之前，这群华人女性舞者的故事，早已和大多数普通人的一生一样，被遗忘在历史的恒河沙海中。但是，纵使是随海浮沉，独属于这群老年舞者的乐观，坚韧，生动和广阔，还是依旧令人动容、鼓舞！ 圆圆在映后分享里说，92岁，在生命最后一周都不曾停止舞蹈和缝纫的Coby不回头，她只看现在和未来保持热情，保持热爱，才是维持青春的秘诀。是的，Its never too late，人生永远可以有第二春。 谢谢圆圆坚持记录，留住她们的故事，谢谢随机放映组织了的观影。期待圆圆的新书！","5","52205741","positive"
"2024-11-07 21:38:13","开篇以为要讲华人女性在美生存困境或者是唐人街cha-cha兴衰史，结果讲到后面东一榔头西一棒槌的，一堆素材乱糅到一起，搞不清主线。全部仰赖主角本身的传奇光辉，但借光都借得不像样，呈现出来的是我们很有生命力，我们很热爱舞蹈。最后回中国的段落彻底变成《花样姐姐》旅游真人秀，不知道杨圆圆到底想拍什么，看到片尾字幕致敬亚裔先锋女性我都想笑，想抓着她肩膀大力摇晃问她到底要怎样。","2","43828485","negative"
"2024-11-06 00:13:10","一段特别经历，去年为电影画了海报并制作了其中几段小动画，今天终于在北京看到了首映，还见了电影中的阿姨们，很多个秘密在紧凑的两天，终于开花了～","5","SM0916","positive"
"2024-11-19 18:40:03","因为热爱而舞蹈，Coby旺盛的生命力让银幕充满活力。公路片的结构，呼应离散华裔的命运。","5","btr","positive"
"2024-11-08 13:32:58","父辈47年回国，好惨。","4","augusttt","positive"
"2024-11-05 20:38:28","人物自身的故事，或者时代背景是非常吸引人的，能深挖出一些社会的共振，但却只停留在浅层的叙事。她们的精神世界固然让人振奋，但她们是如何走到这一步，却是一片空白。","3","xin15919296149","neutral"
"2024-11-17 13:00:57","大荧幕上鲜少出现的聚焦主角形象，来自海外的，80~90岁依然在书写自己人生的女性形象，从她们20多岁的青春期，经历了时代的变迁，依然向往舞台，渴望在舞台上展现自己理解的华人女性形象，属于自己绽放的灿烂生命形象，经历了许多地方，国家，最终一袭鲜艳的花裙子，在天安门脚下，翩翩起舞。#2024院线70，评分：7.5/10。","4","136710762","positive"
"2024-11-05 20:42:37","补上平遥没看上的这部，够传奇的女主，传奇的一生。但我觉得这片在我这儿成立的原因是导演跟被拍摄对象之间建立的情感纽带，它很感性，也很动人。","4","1169348","positive"
"2024-10-27 20:37:53","优雅地吃一碗泡面 把廉价活成高贵","5","LingGU","positive"
"2024-11-06 23:01:49","虽然没有深入阐释当年的华人街如何发展至今，也没有华工的血泪史，但也还是可以从Coby的舞蹈经历中窥见一斑。苦难总是诉不尽的，但今朝有舞今朝要跳。本以为是一部群像戏，却发现只有对Coby的着墨是最多的。才发现原来导演在2019年的时候就上映了一部《相爱的柯比与史蒂芬》，想来部分其他人的素材可能是后来才拼接进去的。另外，还发现老姐妹们去古巴的时候，遇到的那对唱粤曲的姐妹花，也有一部纪录片，叫《古巴花旦》。感动于大家见面互相用粤语问候，他们还讲起了自己的中文名字。其实她们对于中国的记忆也许早就已经渐行渐远，可是这片土地仍然留下了她们Cha-Cha的足迹。","4","1282199","positive"
"2024-11-17 17:28:56","挺可惜的，对大腿舞背后的性别、种族歧视几乎没有涉及，感动是来自于人老了但还把握主体性，来自个体的生命力，题材很好但视角狭隘，更像是晚辈拍来纪念长辈的私影像。多一星鼓励女导演。","3","79435573","neutral"
"2024-11-05 19:49:33","92岁的华裔风情舞者，七十多岁与五十多岁的黄昏恋。一颗永远年轻的心。纪录片的优点，意外撞见19年的古巴中国城和上海。","4","chanying","positive"
"2024-10-30 23:06:02","现场有一个男观众提问说，请问奶奶，你最喜欢你身体的哪一个部位。当时旁边的人都Wtf？！ 方美仙奶奶回答说我喜欢我身体的每一个部分，然后全场掌声雷动。","4","77369972","positive"
"2024-11-06 01:06:03","内容上不够丰满，对年代和历史缺少着墨与挖掘，更像是唐人街舞女们老后的回忆录。然而，当她们尽情欢笑歌舞，脸庞即便皱纹满布也如此神采奕奕。行至生命的尾声，尚有如此生机，连花色繁杂的衣服与头饰都毫无违和，实在令人歆羨。","4","GreatPhoenix","positive"
"2024-11-12 20:00:59","恨生命太短，恨电影时长太短，还没将这朵花盛开的过程展示出来就戛然而止。","4","38515272","positive"
"2024-11-11 00:21:54","心情复杂。译名不好，结构松散，但选题出色，毕竟紫禁城俱乐部，人物实现了可敬可爱与可悲可笑的完美融合； 在美国选举日当天，看着靠出卖和符号化、小丑化本土文化和卡满了群体差异的第三代华裔移民生活缩影，和极其乐观自信、又保持了单纯隐藏了种种、作为女性的人生态度的暗涌，年近百岁依旧精神抖擞随时准备着天鹅之歌，但最后死于20年疫情期间看电影越来越接近一种行为艺术了；","3","141824799","detailed_neutral"
"2024-11-14 23:15:05","一天看了两场电影，开心","4","161947952","positive"
"2024-11-07 19:27:02","从创作来说，问题还挺多的，不知道是素材受限还是导演的组织能力问题，叙事过于杂乱了。有些镜头语言我也不太喜欢。题材挺难得的，值得鼓励一下。（btw，老了虽然也可以活得很精彩，但老还是很可怕，而且要想活得精彩必须得健康，身体是一切的基础。）","4","47673408","positive"
"2024-11-05 23:19:23","最令人动容的是余金巧苍老又弯曲的双手，即便已经布满老茧与风霜，但舞动起来时却有着令人动容的岁月魔力。当她的丈夫在感叹年华老去而黯然落泪时，余金巧却在一旁若无其事地玩着蜘蛛卡牌，生命的柔韧在一瞬间闪烁其间。柔软又充斥着淡淡悲伤，发现自己越来越容易被一些世俗情感打动了。","5","Fengeral0808","positive"
"2024-11-07 00:47:13","是好的那种自恋。ost真的太好听了，画面也足够好看，衔接也精巧，没有一秒钟的镜头是浪费的。无论是聚焦特定群体，还是拍摄和拼接的技巧（动画可爱加上我很喜欢在电影里面播放本部电影的部分），都能看出是人为工匠气息制作出来的那种调动人感情又赏心悦目的好电影。对这一点坦坦荡荡，也很难得。最喜欢的片段是伴侣在含泪讲述自己的感性心情的时候，余老太太玩着蜘蛛纸牌。","5","153116141","positive"
"2024-11-11 18:28:27","挺无聊的，不是我杯茶。这个体量拍成短片就可以了","2","1083626","negative"
"2024-11-06 23:59:51","没想到会这么喜欢。前面的部分还可以说是比较俗套地被某种生命力打动，想要更饱满和热烈地去跳舞、去爱、去生活，无论是衰老或苦痛，到了古巴的部分后几乎是泪流满面地看完全部。哈瓦那和粤剧花旦，这两个看起来全无关系的词汇是怎样产生关联，那几张看起来异域的面孔，讲着广东话，扮着这样的妆容。不知道为何，总为离散和流亡者的故事动容，明明未曾也不太可能有这样的经历，或许潜意识中便觉得人生无定所。但女人们返乡时，念叨自己中文名字的意思，又这样动人。听了导演上的好多播客，整个片子完成的过程也像某种引力，从看到魏时煜的纪录片，知道那部近百年前业已遗失的影片，从制片到监制，再到主动想来做音乐的陈曦，而导演自己也在片中不断在场，她记录的对象一声声呼唤着她，从大洋彼岸到机场到故宫，再到疫中的线上会议室，拥抱，舞蹈，也告别","5","76240483","positive"
"2024-11-05 11:52:53","尽管每次都自称是天鹅之舞，但Coby依然没有停下她的舞步感谢这部纪录片。","5","151171900","positive"
"2024-11-06 17:07:48","看到片尾，有种这一代华人走到终点的感慨，这就是《喜福会》里的母亲们，在舞蹈、女性身份之上的，影片呈现的还是20世纪初，在排华法案下长大的一代海外华人的生存状况。性别的存在又无时无刻不在影响着她们的命运，让一群被印上刻板标签紫禁城、皇宫、龙女之中，集刻板、凝视大成的背景板华裔舞者开口说话就是这部纪录片最大的意义，这也是让失语的女性走到台前的意义，去看Coby的人生宇宙。全片最感动的部分是在古巴，舞团与另一群当地老年华人唱起乡音，各种肤色的华人，共享同一种离散的记忆，此刻无论舞蹈、服装还是粤剧，成为了她们身份的确认、面对异乡社会的铠甲，那就是她们的人生观，也是这一代华人的历史。听了不少播客了解到导演创作过程中的艰辛，能在疫情前最后来一次中国，紫禁城里跳唐人街，一切在此缝合。","4","41224242","positive"
"2024-11-06 01:06:45","这次不从专业角度评价了，老奶奶们的passion和energy太有感染力了，以及群体本身的研究意义也可以继续延展","4","MrChristy","positive"
"2024-10-30 22:10:06","我现在的生活经验无法评价的电影，但绝对是值得一看的电影。","5","39987364","positive"
"2024-11-07 20:46:17","看的过程中会被情绪带动，看完会发现剧作上的混乱，从人物的失焦，到故事线的分散，给的素材多但是主题不够聚焦。回国还是去古巴看当地粤剧团对整个故事的助益甚微，甚至有些硬来。金巧回顾过去更多是来自于作为一种符号的成功以及对个人成就和舞台的眷恋，但导演总是试图想把主题引向华人/女性身份或是努力拼搏的优秀女性，甚至金巧自己都未必那么有某种「我是华人女性」的身份认同，就有点强行上价值。除了金巧，其他故事线甩出去但收束不回来，结果只好放进「经历过演艺好时代的海外民间女艺人现在老了」的这一个筐里。作为很少会接触到的「奇观」来讲是有意思的，作为电影来讲，讲故事的水平不是太高，可以大胆砍掉其他人，只讲金巧和风情舞即可。可以一看，尤其是在几乎看不到海外华人叙事的今天。","3","TORTURE","detailed_neutral"
"2024-11-07 08:32:53","常常欢笑，时时震撼，最后一刻为她轻轻哭。居然有人在古巴唱粤剧，江苏民歌《茉莉花》居然也有粤语版。跳风情舞的姑娘们啊请不要觉得难堪，你们的表演光辉灿烂。这是你们的舞台，在西方的土地上你们演绎出了全新的东方风采。你们完全可以自由定义什么是华人什么是亚裔什么是美什么是艺术，这是属于女人的，舞舞舞的世界。","5","JoGreen","positive"
"2024-11-06 20:01:22","影像媒介的转换太有趣了！美感与怀恋！","5","Baroooooooooo","positive"
"2024-11-08 09:38:50","一边看一边默默流泪，被阿姨们的生命力感染，被阿姨们的人生感动","5","sonne.z","positive"
"2024-11-11 19:07:11","有一种羁绊不别于地域 有一种精彩不基于性别 有一种鲜活与他人无关 或者如果能剥离社会规训活出自己的意义比什么都要幸福 不管是谁，好好活自己的吧，少来定义别人的人生。","5","pandoranavi","positive"
"2024-11-05 21:16:20","跳舞的手指像一只蝎子","4","95406804","positive"
"2024-11-02 16:05:56","Keep dancing till i die Happy heavenly birthday Coby","5","181273080","positive"
"2024-11-05 19:49:34","基本题材和简介出来就知道片子要讲什么了，但是coby真的充满活力，片中的每一位舞者都是那么热爱生活。","3","92823173","neutral"
"2024-11-07 15:38:33","听了杨圆圆自己的口述 大概是做研究的时候发现了这么段历史就开拍了 多种表现风格 动画，VD，摄像机，照片都蛮有意思的 cobykim的恋情年龄差距也是蛮有意思的 但感觉就只是站在现在的年龄视角去简单地回顾了一些以前在forbidden city发生过的故事罢了 虽然cobykim自己设计衣服搭配色彩简直太有才了但给到cobykim一人的镜头太多了 其他阿姨们的故事我也想听 去古巴唐人街表演，带回国内上海北京旅行是挺有意义的 但有个疑问 她们的过往真的有这么辉煌或名声大噪吗 有些话语之间总有些刻意夸大刻意煽情的戏份 我能理解的这些奶奶们为什么喜欢导演的一个原因是 在晚年又一次让她们认识到自己的价值 被记录并受人喜爱罢 先锋在哪呢 没看到 女人 但仅是片段 没有世界 更多深刻的东西没有挖掘出来","3","lubby53","detailed_neutral"
"2024-11-21 03:47:44","受不了这些浪费故事的导演了，全部的展现都在表象啊，除了人物有记忆点的外貌、浅浅铺开的一点背景资料，这片子还有什么？毫无意义的各种夸导演居然剪进去了ego好大，咱就是说关系这么好有没有可能，是因为没拍出人物的复杂？她说她完美、没输过都信？","2","No.JIU","negative"
"2024-11-10 13:41:52","生命不只有年轻，变老，另一种生命的开始","4","yookoarlin","positive"
"2024-11-17 17:23:40","海报和片名一开始给我的感觉很猎奇，没想到拍得那么平实，感觉导演和主角们都是朋友。而且主角的风格就比较浮夸，所以影片的感觉特别吻合，整体性特别强。普通的人也有资格被更多人看见，因为很多人身上都有各种各样的闪光点，只是我们时常忽略了。","4","hanqiu1995","positive"
"2024-11-13 23:32:02","感觉最后留下的记忆点似乎更多是乡愁","4","pewir_rickman","positive"
"2024-11-05 21:46:59","不管多大，快乐最大，没时间去伤春悲秋，只要此时此刻我们是快乐的，那就足够了。","4","fyhujie","positive"
"2024-11-09 16:38:48","其实以现在的眼光来看，唐人街的东方风情舞带了太多东方主义的刻板印象，它的用途之一就是为了满足看客们对异国风情的猎奇心态；但同样地，对事物的评价不应该脱离时代背景，女性舞者们的表演对当时保守的华人社会来说无疑是一种突破，是先锋的、艺术的。这是Coby Yee们的花样人生，始终为自己所热爱的舞蹈而活，即使已经垂垂老矣，也没有丧失生命的活力。","5","130569865","positive"
"2024-11-08 15:14:10","《女人世界》并非仅是一幅描绘海外华人女性风月的浮世绘，它的笔触更未囿于性别的藩篱。生命，诚然会迎来衰老与凋零的黄昏，但在这部影片中，通过她们对歌舞那份炽热而执着的爱，昭示着纵然时光匆匆，亦要珍惜每一刻的绚烂，不负韶华。","4","57542378","positive"
"2024-11-09 23:28:51","看到金巧叙述年轻时的登台表演，会直观地联想起《一夜风流》《第四十二街》里，考尔白/演员们裸露长腿的著名片段（继而很容易得出女性的被物化的评判），不过听着这些平静从容的讲述，会感觉到这些也是当时的社会文化、历史的一部分，有着独特的光彩。金巧的爱人金裁剪的那些拼贴画颇为可爱，想想很多艺术家进行的创作也是类似的，一些新的艺术风格就是因由这样的搞怪点子而诞生的。可以感觉到导演对细节的细腻捕捉，有些叙述也因为不时被打断显得细碎、不连贯。金对于人会变得衰老，最终离开这个世界的感触颇为沉重，也道出了人在生命中不断地进行折腾的意义 总会被有心人所关注和了解，对一些人产生一些影响，以及留下些什么。","4","252936155","positive"
"2024-11-08 00:12:50","很奇妙的文化交融生长，在那个脱衣舞俱乐部叫forbidden city的时代，以当下看来似乎是东方主义东西在唐人街生长，居然还蓬勃延续，成了持续发生的鲜活，甚至colby本人已经完全形成具身的美学，满满都是生命力。反而国内好像都是无聊而死气沉沉的所谓发扬传统。导演本人也真诚地出现在镜头里，参与其中，互相影响，好棒。PS. 包场所以站起来有跟着摇摆hhh片子里出现所有的音乐都我都太喜欢；看完回来就搜起摇摆舞教学视频","5","66568932","positive"
"2024-11-09 20:28:39","节奏特别特别有意思，从外到内的变化，从多彩到内在的平静，像从美国到古巴再到中国的文化公路脉络，也照应着余金巧的舞蹈设计。虽然结尾有种vlog的感觉哈哈哈。前半段的舞蹈艺术是多元的，这让我审视了自己舞蹈文化的单一标准、所谓的唯美实则苛刻的贫瘠。她们的道路，不是拉丁美洲式苦难的重申，而是完全对于自己生命的绽放。我改变了自己，形成了新的生命观。华人在华外：对自己文化生命的延续，团体之间寻找和连接。特别特别感动。","5","212443078","positive"
"2024-11-20 17:19:09","90岁还可以跳舞就是盛放的生命力？不是很懂这个逻辑。除此之外，几乎没有对雕刻人物的形象付出任何努力，让人禁不住疑惑，是导演不想？还是乏善可陈说多错多不如不讲？","2","duduxiongzhifu","negative"
"2024-11-08 22:58:09","选题大概是纪录片成功的第一步 拍摄过程远好过最后的成片。生命力才是值得被追求的永恒议题。加州在这种意义上真的也很好。","4","147624776","positive"
"2024-11-06 20:03:33","导演真的太有魅力了！在台上超过戴老师","5","dutianxiao","positive"
"2024-11-06 21:31:35","思考好多，影片前半段一直在想风情舞和脱衣舞本质上不都是把自己放在被观赏的客体角度吗？靠东方主义和性化而产生的骇俗感是否是一种把女性二元分类的观念？为什么我看到年轻时的她们露出肩膀和大腿会有这种想法而当她们年老之后却又只看到她们是勇敢的自由的自我本位的呢？导演在映后谈的补充很重要，coby是在当时那个语境下做的选择她也一直在用自己的服装艺术作表达。 非常喜欢一个镜头，steven面对镜头泪眼婆娑表达对衰老和死亡的感想并感谢导演通过记录让他们继续存在在这个世界上，然后身后的92岁的coby专心致志玩卡牌游戏。戴老师说在发生，导演促进了某些事情的在发生而故事也并没有在镜头结束之后停止。最后92岁的她以海浪为背景跳起swan song我觉得自己也没有那么惧怕衰老了。最重要的是永远不要丧失对生活的活力","4","189367159","positive"
"2024-11-08 13:52:54","视角在身份、衰老和故土想象之间飘忽不定，素材也挖得不够深，整体太单薄了，食之无味。","3","demisemiquaver","neutral"
"2024-11-08 02:10:43","Coby, you won!!!!","5","danphy","positive"
"2024-10-28 01:05:15","喜欢五颜六色 喜欢山顶上的舞女 喜欢有没有音乐都可以随时起舞 动起来～～～","4","oldgirl","positive"
"2024-11-16 19:30:09","星典影城导演映后#拍摄题材是好的，聚焦于美籍华裔女性在美生活发展，但可惜本片记录略微表层，并且聚焦的地方感觉没在我期待之中，我本期待讲述她们在美的生命体验，而非聚焦于年龄只是数字，老年问题等，比如想进一步了解华裔女性在唐人街风俗舞厅展露自己的舞姿/身体；她们身着中西结合的奇异传统服饰，背后原因和看法；古巴近半个世纪的唐人街历史，原来全球各处都有华人，全球华人之间的情感链接；与大陆亲人之间的思念；在排hua法案时期如何度过等等，可惜有太多可说的并未展现，导演说她后续还会陆续出相关的书，期待继续讲述被历史长河所淹没的她们。但正如影片中所说的她们注定成为美籍华裔历史中的一部分。","3","216880402","detailed_neutral"
"2024-11-10 13:46:40","华裔女性舞者珍贵的影像志；shes 92 years young，舞舞舞，舞到生命尽头。","3","138826517","neutral"
"2024-11-12 23:49:50","红星电影世界曲阳百联店，4.0分。传主（群体，甚至包括Coby的男友Stephen）的个人生命力和串起的时代背景都天然加成很多；不过从结尾的照片来看对素材挖掘的广度和深度、以及素材编排可能比较浅，古巴与中国线除了致敬《古巴花旦》及最后一舞外，只有Stephen担心的眼神作为对比显得揪心。看到他们内地表演选在RAM毫不意外，是RAM特别喜爱的主题，我真的觉得很适合作为一个单独的策展来完成 个人兴趣让一群华人女性在华人社区内外不同民情与资本运作间茁壮成长，其中的擦痕和曲折值得更多讲述；相比而言执著于身份认同也许是一个相对简单但粗暴的道路了。但纵使如此，这部电影仍然在当前环境下值得观看；题外话，开头有个男舞者，会让我微微勾连起风情舞与Voguing（特别今天也有民族表达者），是个有趣的提示。","4","eternalsummer","positive"
"2024-11-06 20:29:00","很爱这部影片，尤爱coby的坚韧与执着，自由与豁达，坚定与勇敢。","5","142046013","positive"
"2024-11-05 21:43:44","大家都好棒好棒好棒好棒","5","146435941","positive"
"2024-11-06 16:54:18","感人至深的生命力量，穿越世界，穿越时日，广泛而普遍。","4","flowerann","positive"
"2024-11-06 20:31:59","在我现在的年纪遇到这部电影，只能用庆幸来形容。","5","cxnhugplz","positive"
"2024-11-02 02:06:42","但我还是很想说这句话「你只要走进影院去感受就好了」","5","echoswans","positive"
"2024-11-08 00:01:25","有自己的爱好，和一群因爱好走到一起的朋友们，是不是对衰老的恐惧会匀掉很多？她们随时随地唱起来、舞起来的姿态，多美啊！不过，本来以为会在戏里看到更多更深度的信息，她们的身份认同，面对举家回国的时候是如何考量，开放之后返乡都聊些什么，为什么华裔就不跳topless之类的，反叛的度在哪里。但都无所谓了，希望奶奶在那边继续跳得开心！","4","132796449","positive"
"2024-11-14 14:55:28","看到最后哭了一下 感受到了饱满的生命力，即使奶奶已经不在人世，充沛的能量也透过银幕传递给了作为观众的我","5","joycew0318","positive"
"2024-11-08 23:16:22","不平凡的女人 影片过于平凡的内核","3","229501728","neutral"
"2024-11-05 17:08:54","在我还在为成片剪辑并未满足《女人世界》这个标题带给我的群像感预期而疑惑时，片尾的科普给了让人信服的答案。而真正让片中每位华裔女性舞者鲜活的魅力，恰恰是她们心无旁骛地只传递情绪价值，不自赋莫名的文化使命。文化认同自然形成的过程，从来不需要，也本不应该来自任何强迫之力。毕竟只要《茉莉花》《月亮代表我的心》旋律好听，不说汉语的华裔也一定会唱。无论男女年龄，阶级祖籍，快乐和自由一定是人类共同的情绪语言，而心之所向才是这个世界唯一的立场。很欣赏圆圆导演在面对亚裔女性艺人这一特殊题材时将自己的观念与想法在镜头语言中退居二线的低调克制，鲜活但客观的纪实影像所袒露出的舞者们的不卑不亢，是对带着猎奇向男凝视角为这部片走近影院的直男观众看似沉默实则极其有力的认知冲击。那些跟风逐利失去自我还要廉价审视的人，得看看","4","liwei1806","positive"
"2024-11-20 12:59:20","实在不想打两星，但觉得导演白白浪费了值得深挖的好题材。片名女人世界看起来像是对唐人街舞女社群的整体描绘，但影片更强调她们风华正茂、青春不老的当下状态，而多过历史的探问与追寻。这固然应和了女性主义思潮打破年龄焦虑的观念，所表达的女性乌托邦愿景以及热爱生命的价值也能够极大地激发观众的共情。但就舞女身份历来携带的身体奇观、色情消费、男性凝视乃至东方主义等议题来说都有可深入的空间，影片在这些方面明显是避重就轻的。如果纪录片仅仅是留存人物的珍贵生活瞬间谨以纪念，那未免太简单了一点。从另一个侧面而言，不论是《女人世界》，还是《好东西》的高分流行，都体现出中国电影市场的女性题材是如此少。","2","174513067","negative"
"2024-11-08 18:05:56","太感动了，饱满昂扬的生命热情非常有感染力，拍摄的立足点也颇具国际视野，致敬亚裔先锋女性，每个人都光辉灿烂。 古巴的唐人街，粤剧，粤语、潮汕话相互对话，一起唱歌，我无限飙泪还有故宫跳舞，颐和园划船，好美，虽然是纪录片但画面好舒服，有质感。 感谢导演将这些即将尘封的人生故事记录下来！太有意义了。而且是平等尊重的，看得出来她们相处愉快。 PS：Steven剪裁Coby剪影做拼贴，留存老报纸，手帐er憋笑这素材可太多了！","5","lovemily","positive"
"2024-11-08 17:18:28","我要热烈的活着，热烈到最后一刻！","4","184406088","positive"
"2024-11-02 17:39:28","感恩纪录，coby生日快乐","4","217593434","positive"
"2024-10-28 22:43:22","领先于题材，领先于年龄，我们自带流量","4","237659887","positive"
"2024-11-07 00:40:54","观影前的期待/预设是离散群体身份认同、边缘女性生存困境等议题，最终被强大的生命力所感染赋能，进而反思自己认知的局限。流动的舞台上、浮沉的唐人街内、流散的华裔族群下，Chinese American playgirls仍旧恣意表达自我，展现她们身上独特的Oriental occidental culture，每一帧起舞的画面都让人无比感动，对抗衰老与死亡的是生命力本身。旧金山、古巴唐人街唱起的《鲜花曲》《月亮代表我的心》，北京出租车里的《北京欢迎你》，颐和园游船上的roll roll roll your boat，故宫大殿外的Chinatown Chinatown语言建构起的文化纽带跨越时代与江河。最喜欢的画面是Stephen对着镜头大抒哲思，Coby旁若无人专注玩纸牌. You won.","5","75054081","positive"
"2024-11-07 00:01:08","也想每天快乐生活到93岁","5","qmpzt","positive"
"2024-11-08 23:14:19","唐人街恰恰与古巴花旦一起成为海外华人文化，素材编排的不够明确，结尾不同年龄段跳舞剪一起展现电影魅力。看完电影出来，曹杨影城外一群跳广场舞的大爷大妈，希望能有同样松弛乐观的老年。","3","58459889","neutral"
"2024-11-06 21:59:25","感谢制片人徐筱来我们这十八线城市开映后。非常的家庭私影像，很多动人的瞬间，想到我94岁的姥姥，她的眉眼和coby简直一模一样。想象自己老去，哼着《七里香》，却已经记不起歌词。","3","YTT_LS","neutral"
"2024-11-08 20:10:40","永远活在当下的余金巧女士，美丽的公主，愿您一直开心快乐的舞蹈！映后还有机会和导演交流的机会，很真诚的一位朋友","4","81798093","positive"
"2024-11-02 18:05:32","10.31西安M3点映～观影愉悦，超喜欢导演，映后交流环节更凸显女性处境。","4","29898737","positive"
"2024-11-10 22:13:39","余金巧喜欢跳舞，为谋生迎合市场，但却为她打开新的大门。她对东西的理解，所制作的服装，将东西文化融合起来，是真正的艺术家。","5","doylerao","positive"
"2024-11-09 14:53:33","他们身上那种鲜活的生命力太美了。","3","138044749","neutral"
"2024-10-31 22:07:55","2.5｜用影像考古学方式构造的历史、人文、人物的创作空间并没有将导演强烈的作者视点消解，反而被其反噬撕碎。导演以一种强烈的介入状态，个人-历史-成员-俱乐部-个人-成员-个人，视点由历史转向成员再转向个人，在极为混乱的体系下分三方面去挖掘美国战后黄金时代的先锋女性，始终记录于被摄者可爱、女性身体的象征性即美丽、家庭与舞蹈，却并未看出戏剧对其一生的影响，影像考古学所创造的历史记录被一笔带过，同时第二次女性主义其先锋浪潮也无从谈起，结尾音效令整部片子成为一部流水账式的散碎个人纪录，回归生命，平淡纯粹依靠被摄者支撑的影片。戏剧对于观众，影像对于戏剧本身，浅浅一层，之于观众的反作用，反而只是题材上的支撑（猎奇性，倡导一种女性豁达乐观的精神，整体看有作者式的自恋（映后主持人着重强调男女观众过于煞笔","3","230771134","detailed_neutral"
"2024-11-19 00:30:02","我以为像是乐满哈瓦那那种类型，记录一个群体，怎么到后期变成了个人自传类了。后面想讲得太多，有点乱，不过奶奶的精神是真的好","3","Mulholland","neutral"
"2024-11-08 08:43:02","舞！舞！舞！也有闪光，但还是太碎了一点。","3","hijikataT","neutral"
"2024-11-02 22:01:22","从大陆院线的维度来说，影片提供了很稀少很宝贵的视角。虽然结尾的处理并不能撑起世界这么大的主题，但仍然会被美国、古巴和大陆华人的联结所感动。","3","agentlevelone","neutral"
"2024-10-31 22:34:30","电影蛮无聊的 人是有趣的","3","hi-messy","neutral"
"2024-11-20 22:54:25","爱跳舞的话九十岁也可以谈恋爱","3","sunriver","neutral"
"2024-11-10 16:46:12","三星半。也许是和预想不同，以为是历史研究向的人物传记纪录片，但实际历史性、传记性都浅尝辄止，只做到了表层的散点展现，很有趣的地方都压根都被轻易地放过了。可能是拍摄素材的思路和拍摄方法以及对素材的处理方式问题，始终没能真正进入这个具有传奇色彩的女人世界，移民华裔海外长时段的舞蹈活动，携带的身份矛盾性，老年归中国本土的异乡人，都被拍成了旅游散记。即使片尾再提对伍锦霞同片名的引用，对华裔历史女性的致敬，也显得极其微不足道。","3","73519263","detailed_neutral"
"2024-11-07 19:54:19","第8届平遥国际电影展费穆荣誉费穆荣誉最佳影片提名。龙种和血巷，黄柳霜和余金巧，Once Upon a Time... in Chinatown Cha-Cha.人物和影像是鲜活且充满力量的，然就纪录片来说，太碎太散，导演和剪辑感觉还是差点意思。万里长城今犹在，不见当年 Chinatown。","3","64955602","detailed_neutral"
"2024-11-12 19:45:00","不是最好的影像，但却是我希望看到的。充满活力，由人生的经历和感悟提炼出的五彩斑斓的爱与时尚！比某些死气沉沉的东西好上太多。","4","Akiraa","positive"
"2024-11-05 20:54:15","充满生命力的创作团队！影片中加入的电影史互文极其精彩，影像在延续、故事在继续、女性的力量也在生长。拍摄者和人物之间形成了坚不可摧的情感关系，得知导演背后怀孕和治愈的故事更是感动，整个故事的节奏都完全不掉档，全片保持着持久的生命力。","5","146934260","positive"
"2024-11-01 21:58:21","里面的材料很好，素材和照片，人物都好，就是稍微有点乱，没有搭建好，停留在表面。这些女性作为被凝视的对象，始终是一种奇观化的观看，能否如导演定义为先锋？像那些好莱坞的老电影碎片，这部电影也是这种奇观的延伸。也只停留在奇观这层了，对人物挖掘不够。作者的介入也显得没什么必要。","3","ckss2000","detailed_neutral"
"2024-11-05 21:25:12","生命的最后一周还在跳舞。小二十岁的伴侣在一旁伤感落泪，自己还是可以专心在电脑上打扑克。在雨中、在故宫里、在海边，随时随地唱歌跳舞。她们不受限制、无拘无束的样子，活出自己的样子，追求美的样子，好让人羡慕啊。","5","70796084","positive"
"2024-09-24 13:56:55","6-13看了第一次。在平遥第二次，一早上看状态不好。登上院线再看。有她们的现在和过去，有情感的、历史的、人生的。","4","thesucre11","positive"
"2024-11-18 18:17:13","7.5，女导加一星 喜欢乐观的老年女性形象","5","Meredith1920","positive"
"2024-11-07 01:33:44","从旧金山到古巴到广东台山，线索从老年舞蹈团到唐人街往事再到跨度相差20岁的恋人再到海外华人迁徙史，看完想再看一遍coby与stephen的故事，心疼失去了coby的stephen，毕竟coby还在的时候他就这么多愁善感..","4","leonchen45","positive"
"2024-11-06 17:05:20","这些阿姨们都好可爱、有活力。纪录片让她们不会被时间遗忘、被历史掩埋。 豆瓣的先生真有意思，当主角全是女人时，牠突然通过阶级叙事（高华）来否定她们的人生，又说「对移民和美国人的故事都无感」来全盘否定本片，典。 又不是您们普男与美籍男billionaires狠狠共情的时候了。","4","45434376","positive"
"2024-11-15 12:48:17","阿姨们很可爱，就内容有点儿太少了","3","YIYAOJUN","neutral"
"2024-09-24 14:05:01","《女人世界》是艺术家杨园园一系列关于美国演艺界华裔女性的研究性艺术项目的最终长片产出，相比于此前单一主题的碎片化短片，《女人世界》更加宏大，多个主题Coby和Stephen的爱情、the great avenue follies老年人歌舞团的经营，以及美籍华裔移民的历史等，并行交织。一方面是通过对档案材料、口述历史以及动画等素材的引用，试图一瞥昔日的辉煌，另一方面则是在当下，纪录下他们已然衰老但活力不减的现状。贯穿历史与现在，使得这些女性不断突破固有观念束缚，保持流动的力量来源在于对主体的自我肯定、包容与爱。东方与西方的混合创造出别样的风情，国界和种族的固有边界悄悄滑移，但影片的不足之处在于主题分散，无法深入。","3","176315792","detailed_neutral"
"2024-11-06 20:19:43","Singing in the rain～生命就该是这么恣意、鲜活。又想起了《四个春天》，生命力总能被音乐、舞蹈、艺术激活呀。活着的时候就要好好活，过好每一天。","3","167332176","neutral"
"2024-11-11 20:42:11","3年前创投会上看到的片花，终于长成了院线电影，为奶奶们的勇敢、坚持而感动","4","IreneWan","positive"
"2024-11-13 13:22:03","永远年轻，永远跳大腿舞！","4","35528047","positive"
"2024-11-05 23:29:27","很需要一条文本主线，才不至于浪费这些珍贵素材。","4","ivykwok","positive"
"2024-11-15 20:15:33","题材比较独特新颖，但感觉故事性还是欠缺一些，可能资料不够多，不知道这样的舞蹈表演是否可以申请非遗，倒是三个女人一起演唱月亮代表我的心时有些触动，一分给情怀。","4","56121823","positive"
"2024-11-13 01:40:41","只要活着，就没有人生之终舞！","5","124981110","positive"
"2024-11-11 16:42:23","Life is a dream, keep dancing","4","51235630","positive"
"2024-11-12 12:07:08","不必过于害怕老去，无论几岁，都是在旅途上，可以穿鲜艳美丽的衣服，可以随时起舞，活在当下，活出自我，实现自我的方式并不是只有一种。很可爱的电影。","4","Asahikarii","positive"
"2024-11-07 08:41:38","女性力量溢出银幕，身为人的宝贵自由就在于拥有了大胆去做和去爱的能力。","5","120239636","positive"
"2024-11-05 21:38:01","漂洋过海而到的异国，无处容身的社会，带着猎奇与刻板的风月场所，却能给这帮女人一个耀眼无比的聚光灯，想为生活翩翩起舞，岁月却吹白了头发，但绚丽的服装，闪耀的舞台，众人的鼓掌与远方的家乡都证明了她们的一生，她们的存在。","4","57338402","positive"
"2024-11-16 12:27:38","Coby真的是很有魅力的人 片子有点流于表面了，观感有点单薄","3","147435220","neutral"
"2024-11-01 23:45:52","当把拍摄对象完全当作主体来对待 甚至自己亲身出席到作品里去时 人文精神已在某种程度上得到了彻底的贯彻 其实明知道就是一场知道终点的短暂旅程 档案、各种媒介、地点的转换都不过是在竞相以不同的形式与时间相抗衡 最后她当然胜利了 起舞的每一个刹那都是永恒","4","139802146","positive"
"2024-11-06 16:36:48","由舞台切入，开头隐约有种桑德海姆《Gypsy》《Follies》的感觉，但越到后面素材的组织方式越无趣，并没有像电影开头宣称的那样展示出nowhere and everywhere，相反，越来越具体的、单调罗列的时间和地点消除了舞台空间本身的幻觉属性，镜头追逐舞蹈动作的方式也有些呆板。","2","115691069","negative"
"2024-10-30 21:23:08","好旺盛的生命力，好肆意的人生。看到最后的天鹅之舞真的哭了，打动导演的东西也完全能打动我们，拍这样的电影真不容易，请大家都去电影院看啊啊啊啊！","5","lexy1120","positive"
"2024-11-11 20:21:58","更像是vlog，因为主角的不同、时代的变迁、族群的特性而异彩纷呈，但在完成度上而言，还是个vlog。华埠真是令人着迷的存在，中国的海外飞地，却因为身在异乡，被凝视、被排斥，而比中国更中国。少数族裔和女性的地位在这里发生了互文。其中不少故意的凝视镜头，因dragon lady的故意袒露而失效，而被解构。喜欢余金巧在丈夫动情谈论生死时，自顾自玩纸牌接龙的样子，最后她拿下了胜利。而当一行人回到中国后，似乎还是少数族裔。她们不属于任何地方，走在今天的上海、北京，还有另一个Forbidden City，她们又能认出几分呢？路人又能认出几分呢？//也是第一次在影院看到疫情相关画面，恍若隔世。","3","181920128","detailed_neutral"
"2024-11-15 21:51:35","这些女性解放身体、解放心灵的生活特别鼓舞人心。给出了一个可以参考的老年生活样本。 最喜欢的两个镜头：Coby在海边翩翩起舞，镜头给到衰老的双手特写。Coby淡定玩蜘蛛纸牌，她丈夫在一旁流泪感伤人生。 露大腿和眼神挑逗的风情舞，放在现在确实是对亚裔女性的一种猎奇观赏和性剥削，但对于当时的coby，反叛意味反而更重，我们不应该用现在的女权主流思想去审判80年前coby的道德。 纪录片涉及到的主题很杂，比如性别议题，移民人群的身份归属，亚裔女性的边缘处境，老年生活，死亡和离别等等，时长只有一个半小时，这么短的时间去展现这些真的不太够，如果长一点或更用心编排素材就好了。整体还是很惊喜。 大家，请纵情生活吧！","5","211480691","positive"
"2024-11-19 08:20:13","衰老和死亡也不总是忧郁（才知道古巴也有唐人街）","4","79118047","positive"
"2024-10-31 22:01:23","四星 Get up and dance！","4","189766951","positive"
"2024-11-05 12:40:07","多么美的风情万种，这是她们的光辉岁月，从前的、现在的，亦是未来的。","4","64106307","positive"
"2024-11-05 22:54:16","get up and dance","4","draco1892","positive"
"2024-11-03 14:59:56","拍得很好很有意思。按理说这样的老年人题材加上纪录片形式是不会引起我兴趣的，然而当我抱着剧情片的期待去看的时候竟然完全没有落空，这样一位九十多岁老者的人生如戏啊！如此热爱生活爱自己的女人充满魅力，她的生命力太令人感动了！","5","165270578","positive"
"2024-11-06 00:05:35","享受演出最后一首天鹅舞曲和淡定打蜘蛛纸牌本质上是生命中相同的面相，一种游乐精神。其实更期待看到每位华裔舞女生活境遇究竟是怎样的，可能碍于影片的长度没能更深入地展开。但至少留下了一份宝贵的纪念也是好的。","4","102255897","positive"
"2024-11-07 14:28:11","她的人生还会还会焕发第九十三春","5","171568439","positive"
"2024-11-15 19:36:05","路演不小心买到第一排的票 奶奶们看着我大落泪过来握着我的手 还说我像她孙女 还给奶奶们看了我跳宝乐思的视频嘿嘿","5","260436880","positive"
"2024-11-06 20:05:27","确实挺精彩的人生，能有这么热爱的事情是很值得的。但是不太理解一些事情，就","3","164385791","neutral"
"2024-11-13 23:52:24","整部电影都充斥各种爱意，看到一半的时候一直在想为什么广场舞总是给人很苦的感觉，大概就是缺少这些爱吧。电影本身处理的很好，没有试图making a point，只是在用微妙的手法暗示。印象比较深的是那场计划中的拳击赛，以及游船上i人老头说Whats the words?","4","91872582","positive"
"2024-09-24 17:48:08","奇观不在，在起舞之前坚定了纪录的意义，最迷人的是肌肤苍老的轮廓。","3","198795810","neutral"
"2024-11-08 00:03:20","有人在古巴唱粤剧，有人在古巴的雨里唱歌。","4","wsj19970918","positive"
"2024-11-09 19:53:59","最后几个镜头看得泪流不止，被镜头里的生命力狠狠震撼。如果我即将死去，我希望在人生的最后一刻依旧做自己热爱的事情","5","bananavine","positive"
"2024-11-07 16:15:20","#2024.193#北大讲堂 和《里斯本丸沉没》一样，导演从一个碎片进入到一段历史，前者是事件本身，而后者是Coby，是都板街舞团，是华裔女性。有点无趣，但好在Coby独具的个人魅力，影片多次提到天鹅绝唱，在结尾海边独自起舞的那一刻推向极致。强大的女性，当下快乐最重要，哦这个我不记得了，可能是想让我忘记吧。热爱自己的每一个年龄，起舞吧。 遗憾的是全片叙事零散，作为纪录片而言导演介入较多，虽然很喜欢戴锦华老师提到的正发生，一系列的连锁反应，但未必真实。","4","133711626","positive"
"2024-11-06 20:05:40","卡尔维诺曾经说过，人到了一个阶段会停止认识新的人，他们遇见的每一个人都会成为曾经认识的人的影子，成为过去或多或少的一部分。From nowhere to everywhere, from no one to everyone. 从未见之人来到可见之人的世界，最打动人的镜头是King无比珍重地记录爱人当下的每一刻的时候，Yee若无其事地玩着单人纸牌，那是一个怎样的灵魂：淋着雨、转着伞哼唱雨中曲，在海风中翻动的双手是真正的天鹅的羽翼，不输燃烧的美丽。","4","157385280","positive"
"2024-11-15 22:27:35","无论是华人舞女这个群体，还是coby的灿烂一生，都是珍贵的记录。这一代华裔的文化是独属于他们这个群体的，他们对母国的认知源于父辈们当初的记忆，几十几百年前中国人的模样在海外被留存了下来，好奇妙。coby说她Chinese的身份在American前面，但是回到国内却发现没有一丝她们想象中的模样。这片海连着中国吗？ 11.14","4","42291314","positive"
"2024-11-14 22:34:43","《女人世界》真的是一首生命如歌就算生命会走到尽头，但这部纪录片里的人的故事依然会触动心弦，也会一直持续发生。 很久没见到座的场次，大家都安静地跟着镜头走进93岁柯比的故事里。没有人说话没有人掏出手机拍照一部纪录片对我的冲击力太大，两度泪流。来自于生命的韧性、女性的豁达主义，还是女性导演更明白女性想要表达的情感。 如果说《出走的决心》是女性有勇气逃离不公平的对待，那么《女人世界》则是女人们活出自己精彩世界的现实映照。尤其是年老女性追求自身价值的另一种方式。","5","46994063","positive"
"2024-11-11 21:25:22","【MMMonday 映后谈】 小成本纪录片，记录的意义大于纪录片本身，舞出我人生，人生还是要多彩一些哈哈","4","VanillaVilla","positive"
"2024-11-07 23:12:43","2024#30 竟然只有8.4嘛。这也太低了我个人体感应该要到8.7。 2024年看过最好看的电影！此生看过最真诚的路演！ 我会永远铭记的！","5","Nfia0616","positive"
"2024-11-15 03:15:37","跳舞可以露大腿，但不跳topless，No就是No","4","73619061","positive"
"2024-11-07 20:45:16","廈門集美區，杏林万科里，中影國际影城，票价22.9人民币","5","J19A79A","positive"
"2024-11-06 22:36:15","没做功课，甚至买老位置都没用抢票的一部 没想到这么令人惊叹。绝对值得七星好评并转发各个五百人大群！ 奶奶们那种美国式生命力让我们望尘莫及，做不到大概也是一方水土养一方人吧。比如同时代的宝珍，30年前就不再扭秧歌了。 P.S.导演的表达能力和京腔让我极度舒适，哈哈。","5","qingmusan","positive"
"2024-11-06 00:59:27","1.客观来说其实是相对松散的纪录片，但是题材选择、情感塑造、镜头语言、歌曲选用和悲喜调剂都恰到好处，实在不愿打四星。2.以片名《女人世界》致敬1939年伍锦霞的同名原作，关注亚裔先锋女性群体的生活，时间跨度从她们的青年到老年，影像流转，更多对着这些生命力永远鲜活的老人在拍，反复想到《情人》开场的那句我更爱你现在备受摧残的面容。3.舞蹈和歌曲的插入全部恰到好处，《月亮代表我的心》每次一起就能听到整个影厅都在吸鼻子的声音，而好客的北京的哥一曲《北京欢迎你》又让全场开始哄堂大笑，这种调性也贡献了最喜欢的镜头女主伴侣在哀叹生命易逝然后开始流泪而她在一旁冷静玩电脑游戏又赢下一局牌。4.嵌入纪录的纪录。5.多处引用的其他女性影片。6.《可爱宝贝》舞蹈段镜头太惊艳了。7.艺术人生！（8.5/10）","5","214870288","positive"
"2024-11-06 21:56:03","生命之花处处开遍斯蒂芬：我们其实最怕的就是被别人忘记东方与西方、传统与现代","4","37477138","positive"
"2024-11-10 13:37:23","时代流转，历史不变 这舞者们的生命力延续到90多岁 不去管其他，就为这一点值得推荐","5","Zyy12311998","positive"
"2024-11-19 17:55:39","女性当然有掌控自己身体的权利，我相信她们对于跳舞的快乐也不是假的，燃鹅一些客观事实是不应该回避的，无论是从事这类软色情的表演行当所难以避免的人情冷暖，或者身为华裔与生俱来的他者叙事，或者是余金巧语焉不详的身世延伸出的模糊地带（我不是想窥探隐私，而是在于明显隐去的这个部分对于展现这个人物的性格变化明显有所缺失），温情脉脉的镜头之下，有太多被刻意回避的角落，塑造出了某种带有理想色彩的光环，然而也造成了材料的编排上缺乏连贯和细密，减损了几分可看性，也显得不是那么完整。","4","luomengdie","positive"
"2024-11-16 18:13:37","好看，感动。每次看这种电影的时候都会感叹这才是真正有意义的工作拍这种故事一定是需要许多许多爱的，跟那种观察者式的纪录片不一样，这是导演和主角们共同度过的一段人生，是建立在深刻的友谊之上的故事。所以能看到这么多跨时代的经验，记忆，情结交汇，凝聚成强烈真挚的感情。真的很感动。","5","3400210","positive"
"2024-11-06 23:10:10","活在当下，活在具体要做的热爱的事情里，此时将无惧岁月蹉跎 喜欢戴老师说的青春是对化冻沼泽的涉渡，也喜欢圆圆导演说在coby跳舞的时候，我会看到各个年龄段的她重叠于一体，那不仅仅是92岁的她，还有29岁的、36岁的、60岁的她","4","186834631","positive"
"2024-11-12 23:54:59","电影剪辑得有点散，但并不妨碍我们被有生命力的人打动","4","mathwaiting","positive"
"2024-11-06 14:15:05","感谢这部纪录片，让我得见Coby这恣意的一生，透过屏幕都能感受到她们在跳舞时的那种快乐，不是什么高大上的为艺术献身，也不是硬要深刻的灵魂的共鸣，纪录片就该这么真实，能用爱好谋生是何其幸福的事情。主创奶奶团们还跟着跑路演、表演，在荧幕外也依然让我佩服+羡慕。","4","miyavikame","positive"
"2024-11-05 12:55:51","旁观者为她的迟暮感到惋惜，但她在自己的游戏里总是赢家。四星不是说导演这部纪录片完成得有多好，而是想致敬她们的生命力。","4","149440860","positive"
"2024-11-09 13:37:43","有爱的作品，一定也是有爱的人做的。","5","75720685","positive"
"2024-11-01 21:17:05","非常棒的女性纪录片，一位从1940年代就开始在唐人街跳舞的风情舞者，去世前一周还在跳舞，当时93岁。她不仅是舞者，还是俱乐部老板和服装设计师。也许不需要强调女性主义，只要看到她们的生命力和创造力，大家就会感觉他们是伟大的女性。","4","dreamkiller","positive"
"2024-11-08 13:00:34","唐人移民开枝散叶，终将要落叶归根，老人的世界，女人的世界，历史真是叫人慨叹。","5","ADUFUTE","positive"
"2024-11-08 23:37:41","舞蹈，直至生命的最后一刻。","4","152828679","positive"
"2024-11-18 10:33:33","主题曲超有心 有回忆颗粒感和倒带的声音 时代霸道 历史残暴 生活苦痛 带着破碎的心 再次坠入爱河 姐姐们何其幸运 没有被无关紧要的生活纠缠 选择了优先选择自己的人 依然做着自己想做的梦 爱自己应该是每一位女性的赤子之心 不对 是每一个生命终极的课题","4","zdfabhk","positive"
"2024-11-11 23:29:18","各层面都并无任一视角的完整叙述，只是做了个家庭录像带。映后随便扯十分钟的信息量比全片都高。。。好在Coby本身魅力尚能支撑人看完。","3","43988581","neutral"
"2024-11-11 21:48:06","抱有热情，抱有好奇。","5","37956992","positive"
"2024-11-13 19:49:32","旺盛的生命力，多来点，滋润我干涸的灵性土壤。","5","164082198","positive"
"2024-11-10 15:53:12","好爱这种生命力。p.s. the pearl的舞者出现的时候，对上海的喜欢又多了几分","4","71801660","positive"
"2024-11-11 00:16:58","素材满分，展现3分，均衡4分 挖掘太浅了","4","benme","positive"
"2024-11-08 21:35:12","我很喜欢。身体是不灭的神庙，神栖居于枝头，巷尾，唇边，耳侧，神爱世人，不是别人爱我们，是我们爱世人。神栖居于神庙内部，展开，闭合，闭合，展开，翩翩地来去。","5","43728521","positive"
"2024-11-06 09:50:58","了解到导演拍的过程中在抗癌，Cody在这个过程中给予了很大的精神支持，女人世界片子结束了，但电影之外的女人世界仍在持续上演。","4","208404203","positive"
"2024-11-07 14:17:05","【3.0】透过小小的切口一睹未曾注目的美丽与艰辛，影像确实能够定格永恒，但记录不是粗浅的单一描画，而应是对焦灵魂的整塑去挖掘更深层的价值，可惜影片始终处于记录的表层，看不到剥离华裔身份之后更多涌动的狂流以及鲜活的自我，延展与发散的空间与表达都过于局限，所谓史诗传奇都变得黯淡平庸，好在热爱的能量是能够切实感受到的，一直跳到生命的最后一刻，衰老的肌肤已是最炙热的证明","3","194242798","detailed_neutral"
"2024-11-21 14:39:59","Coby到生命最后一刻都活在热爱里，好喜欢她的衣服充满了各种色彩，戏剧感和精巧设计，无处不是她对美的追求。《月亮代表我的心》是全球华人心中乡愁的具象化。","4","CharlieSun","positive"
"2024-09-28 10:43:21","都给我去看！！最让我印象深刻的是92岁的奶奶跟她的老伴在车上说 我先是Chinese然后才是American她的老伴说可是我更觉得你是American可能是跟圆圆接触的越来越多我也越来越像中国人了吧这段对话一下子有点触动到我 导演真的有在把两岸的关系的链接变的更深","5","241218590","positive"
"2024-11-07 09:10:16","关于身份的标签太多 叙事有点不抓人","3","129035431","neutral"
"2024-11-09 20:36:11","谈什么存在的意义、被遗忘的痛苦，不如赢一局蜘蛛纸牌，然后在海边起舞。","3","122881154","neutral"
"2024-11-17 08:34:10","三星半，胜在题材，一种私人化的真诚","4","diana1991","positive"
"2024-11-08 07:47:40","在92岁的Coby身上感受到最蓬勃的生命力","4","yezimy","positive"
"2024-11-07 22:12:51","直到生命的最后一周，她仍在跳舞。","3","fjy_iMovie","neutral"
"2024-11-05 23:20:18","换了人间的观看，对移民美国/古巴华裔群体的一瞥，影像本身有价值，但缺乏意志。它承载的历史太过厚重，但导演处理得太过轻盈、小心、流于表面，歌颂华裔女性舞者群体仅仅讲述了伊们生命如歌，纵情舞，致敬热爱生命的个体，并没有深度探究伊们起舞背后关于民族、国家、政治、文化的差异。此片对于被记录者具有意义，在文献价值方面属于浪费素材。","3","176668056","detailed_neutral"
"2024-11-06 22:33:48","风情舞在一定情境中确实带有性剥削的色彩，但舞者们却否认并享受其中，还活出了一种更自由的姿态。不禁反思是不是我们观众习惯于概念先行审视人物，而忽视了具体的人。另外，走过青春的人大概都会懂戴老师说的青春是化冻中的沼泽，是很艰难的，我爱我的年龄，我们明明可以比青春期时过得更好，所以究竟是什么人在贩卖年龄焦虑呢？（在美国大选这天看黄金时代唐人街的华裔女性故事。@北大讲堂 #戴锦华杨圆圆郭柯宇","3","119297343","detailed_neutral"
"2024-09-24 14:02:03","哇！那就是我的事业！","4","214571286","positive"
"2024-11-12 11:52:14","我觉得最动人的是你能看到一个92岁老太太的生命力，从而对于老去或死亡的恐惧，你会减轻很多。其实都是挖掘一段历史，但我喜欢女人世界的举重若轻，那最后一个镜头，徐徐展开的苍老的手指，而不是里斯本丸沉没的宏大叙事。","4","wangxiaowu","positive"
"2024-11-07 21:26:20","历史中的女性生命力当然值得所有人为之喝彩，但纪录片不应只将她们作为讨喜的符号留存于影像之中，否则那只是另一幅充满东方主义凝视的舞女海报。","2","158691249","negative"
"2024-11-21 14:50:45","鼓掌，敬禮，respect！這輩子也要這樣活！","5","monster-yy","positive"
"2024-11-10 05:07:19","作为一部完整的纪录长片来说其实有点琐碎，很难说余金巧是主要部分还是舞团是主要部分，同时去古巴的旅途其实多少也有点和主线脱离。整个片子去注意到曾经的风情舞者老去后依然受欢迎，依然舞动，且还带动了其他老年人加入跳舞其实非常酷。但是我总觉得几个关键节点片子呈现的不够，她是怎么被说服又重新跳舞，年长和年轻跳舞的心态变化，甚至于她在那个时代跳风情舞的感受其实都略过了。整个片子更像一个私人的关于她老年生活的纪录，但是从这个角度很多舞团的东西又会显得太多，而且其实一开始是从舞团在夏威夷的出演开始引入的。感觉整个片子还是偏稚嫩，包括开头那句进入一个怎样怎样的世界的旁白，其实后面的大部分时候都没有跟上，它出现在开篇第一句其实是不太和谐的。总得来说整个片子还是比较稚嫩，主要是题材比较讨巧。2024-11-9看","3","267982568","detailed_neutral"
"2024-11-08 20:41:06","看到华人早期乐观地讨生活的切面，导演引导大家讲述的工作做得很好。看到cody爸爸解放之后就回国了捏了把汗...如果不是疫情感觉还会再拍一些素材，但也只能留下未尽的言语供大家留念了。","4","58157593","positive"
"2024-11-11 18:50:13","从片头引用的记录影像看来，似乎导演对于这部影片有着不小的野心，华裔女性的处境、唐人街的生态以及有关黄祸论的探讨，但影片的内容似乎与此大相径庭，将镜头与目光聚集到一位华裔舞者身上，以其最后一次巡演为主线，无法判断创作思路的对错，但这一选择无疑让视角被大大限缩了，我们的确看到这位女性的生命，为其故事所感动，但我们无法深入其内在，无从洞悉其作为舞者的心理状态，也无从寻觅华裔与唐人街的联系及其生存状况，于是人物成为单个的人物，与时代与环境脱节，成为使人感动但空泛的切面。","3","194029972","detailed_neutral"
"2024-11-14 14:29:36","难得！感谢杨圆圆，让我们能看到余金巧的故事，感谢余金巧，让我们看到亚裔女性在唐人街的故事","5","162003072","positive"
"2024-11-10 02:38:14","为了鼓励老年人们站起来跳跳舞，暂不是老年人也被鼓舞到了！谢谢","5","148119122","positive"
"2024-09-25 23:18:08","24平遥国际影展# Coby赢的纸牌游戏& Steven哭诉的人生论恒久的，有生命长度的镜头：过往化作涟漪，你的鸟儿仍唱歌","4","DJyandongdong","positive"
"2024-11-21 08:51:04","因为对我而言，唐人街太遥远，所以故事能引发的共鸣非常少。我们看到的是发挥余热的老演员。韶华易逝，她们依然自顾自地美丽地活着。还好来了映后，非常需要。感谢导演的努力。祝大家都幸福。","3","stellabubu","neutral"
"2024-11-06 06:14:36","少一些标签式的叙述会更好。单纯欣赏单一个体的热爱 真实的情绪 确凿的快乐。感受生命的纯粹。","3","Gothicalady","neutral"
"2024-11-06 12:09:14","人们在讲述过去的荣耀之时，往往会出现夸大的情况。","3","199066137","neutral"
"2024-11-19 12:17:53","观影过程中完全被其中真实人物炙烈的生命力所打动，那种被冲击的感觉就像一见钟情。但是过后冷静下来还是会觉得有些单薄，而且不认为这是女性主义电影，影片并没有对女性处境的表达，而是一种全人类共通的情感。","4","itisruxi","positive"
"2024-11-17 20:11:13","看完才想起20年看过这部的雏形短片。发光的、热爱每段生命的coby，既是个体，也是宏大历史的一部分，还有值得被大家看见的奶奶们（coby的轮廓和外婆很像很像","4","170495115","positive"
"2024-11-20 22:07:04","导演制片映后交流场，给刷了五场的平遥志愿者点赞。","4","danmark_cuber","positive"
"2024-11-07 22:48:33","才放到第八分钟我就忍不住掉眼泪了，coby说天鹅之舞的时候。吃泡面时翘起的小拇指。感谢这部电影，让我和太平洋彼岸的这群人有了一点小小的联结。","5","SMC","positive"
"2024-11-09 18:33:22","生命如歌，不必怕时光流逝。 纵情起舞，此生便风月无边。","3","29305182","neutral"
"2024-11-14 16:49:53","Dance stars dont die in San Francisco.","5","jijiayu","positive"
"2024-11-07 22:32:36","提供一种看见的纪录，属于适合在电视人文节目播放的片子。从创作上来说除了堆砌还算有生命力的素材外，非常谨慎的在内核上浅尝辄止了，最后喊了几句空洞的口号但并让人共情不了。 另外还是不理解非要把""亚裔""""华裔""简单的等同于同胞的做法，可能这就是大城市中产的浪漫吧。","3","159344894","detailed_neutral"
"2024-11-09 12:24:22","@北大百年讲堂 有点难拍 剪辑结构上感觉有点乱 个人觉得没有古巴花旦那一部好 不过映后还是很打动人","4","wu_xiaohui","positive"
"2024-11-06 22:45:17","92岁柯比余，78岁特朗普，39岁田三白","5","mylittlefour","positive"
"2024-11-11 17:01:20","好美的一幅画 可能是因为里斯本丸 可能是因为别的什么 最近我开始思考这样一个问题 如果在我的人生最后阶段 有那样一部摄影机对准我 我将会如何讲述自己的人生？ 刚开始的时候我觉得自己真的没什么可被记录的 直到我把相机对准妈妈 我才觉得好像任何一个人都可以有自己的人生纪录片 如果确定了不会生育 那寻找精神世界就变成了首要的任务 没有心灵的人 无论身边有多少人都会觉得孤独 再多的心灵以外的事物 在打蜘蛛纸牌的时候都会变成BGM 但是爱人是用来共享胜利的舞伴 能够拥有是一种幸福 Chinatown cha-cha 有所放纵 有所坚持 妈妈 希望你的暮年也能纵情舞蹈","4","197638865","positive"
"2024-11-06 22:17:23","视角虽小，但也能圆融一方天地。这个片子再度证明了，女性共同体是很重要的。","3","56975242","neutral"
"2024-11-08 16:17:12","She always wins. 甚至胜过了摄影机的意图，她拥有真正精彩的人生","4","240568924","positive"
"2024-11-10 20:24:00","我也要跳到90岁，喝酒到90岁","5","32131178","positive"
"2024-11-09 18:50:38","今年在院线看到的最佳纪录片（甚至可能是最佳影片）","5","180807669","positive"
"2024-11-14 23:29:06","在她们的身上，看到了历史，看到了坚毅，更是看到了中西文化的交融，世界大同的缩影。电影记录的内容很详细，也不乏感动，特别是她们对导演杨圆圆的感激之情和重燃激情时眼里的光。但总感觉有些不太连贯，脉络也不怎么清晰，以及，没太理解拍摄意图，是单纯的展现她们的风光吗？题材和内容还不错，但感觉不怎么深。","3","148027302","detailed_neutral"
"2024-11-17 13:43:40","主流艺术史外的边缘记录。如今的showbiz其实还是很少华裔面孔。她们唱雨中曲也唱茉莉花，是不能两全还是左右逢源。/当你九十了还在享受舞台，那些男凝的和东方主义的东西会被个人的光彩掩盖。","4","69192658","positive"
"2024-09-24 16:47:43","超爱 好喜欢它的剪辑 要到了导演的签名！我爱她！！","4","184227329","positive"
"2024-11-09 20:06:05","真好啊，微小而私人，通向恒久且清晰的震动。个人命运如缕，脆弱亦坚韧，从大历史的经纬里透出璀璨的色彩。（要怎样度过这短暂又唯一的一生啊，不如舞蹈吧。","4","avrilwsq","positive"
"2024-11-11 19:09:10","never too late to still keep passion.看完之后一直在回味的电影，很喜欢，那一代华裔女性，除了嘴上说着英文，热爱生活和表演的态度依然在绽放生命力。尽管这一路上走了那么多人，尽管走向这个社会的边缘，不再被人关注，但是仍在热情地表演。colby和stephen的爱情有趣持久，在人生的最后一程中，在热情的舞蹈中，生命永远动人。","4","171903836","positive"
"2024-11-10 12:01:30","只能說Coby太美了，無論是舞蹈還是人格，即便92歲依然活力四射，閃耀夜空，a true legend。令人感動的是竟然何秋蘭也有登場，太多說都說不完的故事。","5","crayonmonkey","positive"
"2024-11-06 22:09:17","从东北老年相亲回来看到这部电影，原本对衰老死亡几乎殆尽的希望，在92岁coby的舞步里又一点点亮起。我们这一生，都是希望被看见被欣赏的，哪怕是一瞬间也很好","4","gagatao118","positive"
